<?xml version="1.0" encoding="UTF-8"?>
<monster name="Ferumbras" nameDescription="Ferumbras" race="venom" experience="12000" speed="390" manacost="0">
	<health now="35000" max="35000"/>
  <look type="201" corpse="2916"/>
	<targetchange interval="5000" chance="8"/>
	<strategy attack="100" defense="0"/>
	<flags>
		<flag summonable="0"/>
		<flag attackable="1"/>
		<flag hostile="1"/>
		<flag illusionable="0"/>
		<flag convinceable="0"/>
		<flag pushable="0"/>
		<flag canpushitems="1"/>
		<flag canpushcreatures="1"/>
		<flag targetdistance="2"/>
		<flag staticattack="90"/>
		<flag runonhealth="2500"/>
	</flags>
<attacks>
		<attack name="melee" interval="2000" skill="60" attack="100"/>
		<attack name="manadrain" interval="2000" chance="15" target="1" min="-700" max="-1000">
			<attribute key="areaEffect" value="blueshimmer"/>
		</attack>
		<attack name="lifedrain" interval="2000" chance="20" radius="6" target="0" min="-650" max="-850">
			<attribute key="areaEffect" value="poff"/>
		</attack>
		<attack name="lifedrain" interval="2000" chance="25" radius="6" target="0" min="-600" max="-800">
			<attribute key="areaEffect" value="firearea"/>
		</attack>
		<attack name="poisoncondition" interval="2000" chance="20" target="1" min="-620" max="-720">
			<attribute key="shootEffect" value="poison"/>
		</attack>
		<attack name="poison" interval="2000" chance="15" radius="2" target="1" min="-600" max="-900">
			<attribute key="areaEffect" value="poison"/>
			<attribute key="shootEffect" value="poison"/>
		</attack>
		<attack name="physical" interval="2000" chance="10" radius="4" target="0" min="-1000" max="-1200">
			<attribute key="areaEffect" value="poff"/>
		</attack>
		<attack name="energy" interval="2000" chance="25" radius="2" target="1" min="-300" max="-500">
			<attribute key="areaEffect" value="energyarea"/>
			<attribute key="shootEffect" value="energy"/>
		</attack>
	</attacks>	<defenses armor="100" defense="120">
		<defense name="invisible" interval="2000" chance="10" duration="2000">
			<attribute key="areaEffect" value="blueshimmer"/>
		</defense>
		<defense name="speed" interval="2000" chance="15" speedchange="680" duration="2000">
			<attribute key="areaEffect" value="redshimmer"/>
		</defense>
	</defenses>
	<elements>
		<element firePercent="90"/>
	</elements>
	<immunities>
		<immunity lifedrain="1"/>
		<immunity paralyze="1"/>
		<immunity drunk="1"/>
		<immunity invisible="1"/>
	</immunities>
	<summons maxSummons="2">
		<summon name="Demon" interval="2000" chance="15" max="2"/>
	</summons>
	<voices interval="5000" chance="20">
		<voice sentence="NOONE WILL STOP ME THIS TIME!" yell="1"/>
		<voice sentence="THE POWER IS MINE!" yell="1"/>
	</voices>
	<loot>
    <item id="2644" chance="100000" /><!-- bunny slipers -->
    <item id="2470" chance="30000" /><!-- golden legs -->
    <item id="2148" countmax="100" chance="57850" /><!-- gold coin -->
    <item id="2148" countmax="71" chance="57850" /><!-- gold coin -->
    <item id="2146" countmax="92" chance="5725" /><!-- small sapphire -->
    <item id="1988" chance="100000"><!-- bag -->
	<item id="5015" chance="100000"/><!-- mandrake -->
        <inside>
            <item id="2514" chance="30000" /><!-- mastermind shield -->
            <item id="2522" chance="8000" /><!-- great shield -->
            <item id="2466" chance="30000" /><!-- golden armor -->
            <item id="2472" chance="30000" /><!-- magic plate armor -->
            <item id="2145" countmax="90" chance="7000" /><!-- small diamond -->
            <item id="2178" chance="2200" /><!-- mind stone -->
            <item id="2539" chance="8000" /><!-- phoenix shield -->
        </inside>
    </item>
</loot>
</monster>
