<?xml version="1.0" encoding="UTF-8"?>
<monster name="necropharus" nameDescription="Necropharus" race="blood" experience="1100" speed="240" manacost="0">
  <health now="800" max="800"/>
  <look type="209" head="20" body="30" legs="40" feet="50" corpse="3128"/>
  <targetchange interval="5000" chance="8"/>
  <strategy attack="100" defense="0"/>
  <flags>
    <flag summonable="0"/>
    <flag attackable="1"/>
    <flag hostile="1"/>
    <flag illusionable="0"/>
    <flag convinceable="0"/>
    <flag pushable="0"/>
    <flag canpushitems="1"/>
    <flag canpushcreatures="1"/>
    <flag targetdistance="4"/>
    <flag staticattack="90"/>
    <flag runonhealth="0"/>
  </flags>
  <attacks>
    <attack name="melee" interval="2000" skill="35" attack="45" poison="95"/>
    <attack name="lifedrain" interval="1000" chance="20" range="1" min="-80" max="-120">
      <attribute key="areaEffect" value="redspark"/>
    </attack>
    <attack name="poison" interval="1000" chance="17" range="7" min="-50" max="-140">
      <attribute key="shootEffect" value="poison"/>
      <attribute key="areaEffect" value="poison"/>
    </attack>
  </attacks>
  <defenses armor="25" defense="25">
    <defense name="healing" interval="1000" chance="25" min="60" max="90">
      <attribute key="areaEffect" value="blueshimmer"/>
    </defense>
  </defenses>
  	<elements>
		<element earthPercent="100"/>
	</elements>
  <immunities>
    <immunity lifedrain="1"/>  
    <immunity outfit="1"/>
    <immunity drunk="1"/>
    <immunity invisible="1"/>
  </immunities>
  <summons maxSummons="4">
    <summon name="ghoul" interval="1000" chance="20" max="2"/>
    <summon name="ghost" interval="1000" chance="17" max="1"/>
    <summon name="mummy" interval="1000" chance="15" max="1"/>
  </summons>
  <voices interval="5000" chance="10">
    <voice sentence="You will rise as my servant!"/>
    <voice sentence="Praise to my master Urgith!"/>
  </voices>
<loot>
	<item id="2148" countmax="86" chance1="100000" chancemax="0"/><!-- 1-86 100% 2148 gold -->
	<item id="2796" countmax="1" chance1="16000" chancemax="0"/><!-- 16% 2796 green mushroom -->
	<item id="2483" chance="10000"/><!-- 10% 2483 scale armor -->
	<item id="2231" chance="11000"/><!-- 11% 2231 big bone -->
	<item id="2229" countmax="1" chance1="16000" chancemax="0"/><!-- 16% 2229 skull -->
	<item id="2663" chance="5000"/><!-- 5% 2663 mystic turban -->
	<item id="2195" chance="5000"/><!-- 5% 2195 boots of haste -->
	<item id="5015" chance="100000"/><!-- mandrake -->
		<item id="1987" chance="100000"><!-- bag -->
			<inside>
			<item id="2436" chance="42000"/><!-- 42% 2436 skull staff -->
			<item id="2423" chance="58000"/><!-- 58% 2423 clerical mace -->
			<item id="2449" chance="37000"/><!-- 37% 2449 bone club -->
			<item id="2541" chance="11000"/><!-- 11% 2541 bone shield -->
			<item id="2186" chance="16000"/><!-- 16% 2186 moonlight rod -->
			<item id="2182" chance="34000"/><!-- 2182 snakebite rod -->

			</inside>
		</item>
</loot>
</monster>
