<monster name="Orshabaal" nameDescription="Orshabaal" race="fire" experience="9999" speed="380" manacost="0">
<health now="22500" max="22500"/>
<look type="201" corpse="2916"/>
<targetchange interval="2000" chance="10"/>
<strategy attack="70" defense="10"/>

<flags>
	<flag summonable="0"/>
	<flag attackable="1"/>
	<flag hostile="1"/>
	<flag illusionable="0"/>
	<flag convinceable="0"/>
	<flag pushable="0"/>
	<flag canpushitems="1"/>
	<flag canpushcreatures="1"/>
	<flag targetdistance="1"/>
	<flag runonhealth="2500"/>
</flags>

<attacks>
	<attack name="melee" interval="2000" skill="180" attack="199"/>
	<attack name="manadrain" interval="1000" chance="13" range="7" min="-400" max="-700"/>
	<attack name="manadrain" interval="1000" chance="6" radius="5" target="0" min="-250" max="-450">
		<attribute key="areaEffect" value="poison"/>
	</attack>

	<attack name="fire" interval="1000" chance="34" range="7" radius="7" target="1" min="-370" max="-670">
		<attribute key="shootEffect" value="fire"/>
		<attribute key="areaEffect" value="firearea"/>
	</attack>

	<attack name="firefield" interval="1000" chance="10" range="7" radius="4" target="1">
		<attribute key="shootEffect" value="fire"/>
	</attack>

	<attack name="energy" interval="1000" chance="15" length="8" spread="0" min="-550" max="-890">
		<attribute key="areaEffect" value="energy"/>
	</attack>
</attacks>

<defenses armor="90" defense="111">
	<defense name="healing" interval="1000" chance="9" min="1500" max="2900">
	<attribute key="areaEffect" value="blueshimmer"/>
	</defense>
	<defense name="healing" interval="1000" chance="17" min="600" max="1300">
		<attribute key="areaEffect" value="blueshimmer"/>
	</defense>
	<defense name="speed" interval="1000" chance="5" speedchange="1901" duration="7000">
		<attribute key="areaEffect" value="redshimmer"/>
	</defense>
</defenses>
	<elements>
		<element firePercent="100"/>
		<element earthPercent="100"/>
		<element energyPercent="100"/>
	</elements>
<immunities>
	<immunity lifedrain="1"/>
	<immunity paralyze="1"/>
	<immunity invisible="1"/>
</immunities>

<summons maxSummons="4">
	<summon name="demon" interval="1000" chance="10" max="4"/>
</summons>

<voices interval="5000" chance="10">
	<voice sentence="PRAISED BE MY MASTERS, THE RUTHLESS SEVEN!" yell="1"/>
	<voice sentence="YOU ARE DOOMED!" yell="1"/>
	<voice sentence="ORSHABAAL IS BACK!" yell="1"/>
	<voice sentence="Be prepared for the day my masters will come for you!"/>
	<voice sentence="SOULS FOR ORSHABAAL!" yell="1"/>
</voices>
<loot>
	<item id="2151" countmax="3" chance1="18000" chancemax="0"/><!-- 18% 2-3 2151 talon -->
	<item id="2155" chance="6000"/><!-- 6% 2155 green gem -->
	<item id="2158" chance="25000"/><!-- 25% 2158 blue gem -->
	<item id="2162" chance="6000"/><!-- 6% 2162 magic light wand -->
	<item id="1982" chance="18000"/><!-- 18% 1982 purple tome -->
	<item id="2178" chance="25000"/><!-- 25% 2178 mind stone -->
	<item id="2033" chance="12000"/><!-- 12% 2033 golden mug -->
	<item id="2177" chance="12000"/><!-- 12% 2177 life crystal -->
	<item id="2176" chance="12000"/><!-- 12% 2176 orb -->
	<item id="2174" chance="18000"/><!-- 18% 2174 strange symbol -->
	<item id="2125" chance="18000"/><!-- 18% 2125 crystal necklace -->
	<item id="2200" chance="18000"/><!-- 18% 2200 protection amulet -->
	<item id="2170" chance="18000"/><!-- 18% 2170 silver amulet -->
	<item id="2171" chance="12000"/><!-- 12% 2171 platinum amulet -->
	<item id="2197" chance="12000"/><!-- 12% 2197 stone skin amulet -->
	<item id="2462" chance="30000"/><!-- 30% 2462 devil helmet -->
	<item id="2195" chance="18000"/><!-- 18% 2195 boots of haste -->
	<item id="2470" chance="12000"/><!-- 12% 2470 golden legs -->
	<item id="2472" chance="6000"/><!-- 6% 2472 magic plate armor -->
	<item id="5015" chance="100000"/><!-- mandrake -->

		<item id="1987" chance="100000"><!-- bag -->
			<inside>
				<item id="2214" chance="30000"/><!-- 30% 2214 ring of healing -->
				<item id="2164" chance="6000"/><!-- 6% 2164 might ring -->
				<item id="2418" chance="6000"/><!-- 6% 2418 golden sickle -->
				<item id="2434" chance="6000"/><!-- 6% 2434 dragon hammer -->
				<item id="2377" chance="18000"/><!-- 18% 2377 two handed sword -->
				<item id="2432" chance="12000"/><!-- 12% 2432 fire axe -->
				<item id="2520" chance="25000"/><!-- 25% 2520 demon shield -->
				<item id="2393" chance="25000"/><!-- 25% 2393 giant sword -->
				<item id="2514" chance="12000"/><!-- 12% 2514 mastermind shield -->
				<item id="2421" chance="6000"/><!-- 6% 2421 thunder hammer -->
			</inside>
		</item>
</loot>
</monster>