<?xml version="1.0" encoding="UTF-8"?>
<monster name="The Old Widow" nameDescription="the Old Widow" race="blood" experience="1900" speed="240" manacost="0">
  <health now="2000" max="2000"/>
  <look type="208" head="20" body="30" legs="40" feet="50" corpse="2857"/>
  <targetchange interval="5000" chance="8"/>
  <strategy attack="100" defense="0"/>
  <flags>
    <flag summonable="0"/>
    <flag attackable="1"/>
    <flag hostile="1"/>
    <flag illusionable="0"/>
    <flag convinceable="0"/>
    <flag pushable="0"/>
    <flag canpushitems="1"/>
    <flag canpushcreatures="1"/>
    <flag targetdistance="1"/>
    <flag staticattack="90"/>
    <flag runonhealth="0"/>
  </flags>
  <attacks>
    <attack name="melee" interval="2000" min="-100" max="-500"/>
    <attack name="poison" interval="1000" chance="15" range="7" min="-250" max="-300">
      <attribute key="shootEffect" value="poison"/>
      <attribute key="areaEffect" value="poison"/>
    </attack>
    <attack name="speed" interval="1000" chance="20" range="7" speedchange="-850" duration="25000">
      <attribute key="shootEffect" value="poison"/>
      <attribute key="areaEffect" value="poison"/>
    </attack>
    <attack name="poisonfield" interval="1000" chance="10" range="7" radius="4" target="1">
      <attribute key="shootEffect" value="poison"/>
    </attack>
  </attacks>
  <defenses armor="17" defense="21">
    <defense name="healing" interval="1000" chance="17" min="225" max="275">
      <attribute key="areaEffect" value="blueshimmer"/>
    </defense>
    <defense name="speed" interval="1000" chance="8" speedchange="345" duration="6000">
      <attribute key="areaEffect" value="redshimmer"/>
    </defense>
  </defenses>
  	<elements>
		<element firePercent="100"/>
		<element earthPercent="100"/>
	</elements>
  <immunities>
    <immunity lifedrain="1"/>
    <immunity outfit="1"/>
    <immunity drunk="1"/>
    <immunity invisible="1"/>
  </immunities>
  <summons maxSummons="2">
    <summon name="giant spider" interval="1000" chance="13" max="2"/>
  </summons>
<loot>
	<item id="2148" countmax="100" chance1="100000" chancemax="0"/><!-- 5-100 100% 2148 gold -->
	<item id="2148" countmax="90" chance1="90000" chancemax="0"/><!-- 1-89 90% 2148 gold -->
	<item id="2148" countmax="90" chance1="83000" chancemax="0"/><!-- 1-86 90% 2148 gold -->
	<item id="2148" countmax="90" chance1="83000" chancemax="0"/><!-- 1-90 90% 2148 gold -->
	<item id="2148" countmax="90" chance1="83000" chancemax="0"/><!-- 1-90 90% 2148 gold -->
	<item id="2457" chance="66000"/><!-- 66% 2457 steel helmet -->
	<item id="2477" chance="14000"/><!-- 14% 2477 knight legs -->
	<item id="2476" chance="49000"/><!-- 49% 2476 knight armor -->
	<item id="2171" chance="31000"/><!-- 31% 2171 platinum amulet -->
	<item id="5015" chance="100000"/><!-- mandrake -->
		<item id="1987" chance="100000"><!-- bag -->
			<inside>
			<item id="2169" chance="26000"/><!-- 26% 2169 time ring -->
			<item id="2165" chance="28000"/><!-- 28% 2165 stealth ring -->
			<item id="2167" chance="46000"/><!-- 46% 2167 energy ring -->
			</inside>
		</item>
</loot>
</monster>
