<?xml version="1.0" encoding="UTF-8"?>
<monster name="Tiquanda's Revenge" nameDescription="Tiquanda's Revenge" race="venom" experience="2635" speed="440" manacost="0">
	<health now="1800" max="1800"/>
	<look type="120" corpse="4280"/>
	<targetchange interval="5000" chance="8"/>
	<strategy attack="100" defense="0"/>
	<flags>
		<flag summonable="0"/>
		<flag attackable="1"/>
		<flag hostile="1"/>
		<flag illusionable="0"/>
		<flag convinceable="0"/>
		<flag pushable="0"/>
		<flag canpushitems="1"/>
		<flag canpushcreatures="1"/>
		<flag targetdistance="1"/>
		<flag staticattack="90"/>
		<flag runonhealth="400"/>
	</flags>
	<attacks>
		<attack name="melee" interval="2000" skill="70" attack="40" poison="95"/>
		<attack name="poison" interval="1000" chance="25" range="7" min="-60" max="-200">
			<attribute key="shootEffect" value="poison"/>
			<attribute key="areaEffect" value="greenspark"/>
		</attack>
		<attack name="speed" interval="1000" chance="34" range="7" speedchange="-850" duration="30000">
			<attribute key="shootEffect" value="poison"/>
			<attribute key="areaEffect" value="greenspark"/>
		</attack>
		<attack name="poison" interval="1000" chance="12" radius="3" target="0" min="-40" max="-130">
			<attribute key="areaEffect" value="poison"/>
		</attack>
	</attacks>
	<defenses armor="30" defense="31">
		<defense name="ultimate healing" interval="1200" chance="35" min="600" max="800"/>
	</defenses>
		<elements>
		<element energyPercent="100"/>
		<element firePercent="100"/>
		<element earthPercent="100"/>
	</elements>
	<immunities>
		<immunity lifedrain="0"/>
		<immunity paralyze="1"/>
		<immunity outfit="0"/>
		<immunity drunk="0"/>
		<immunity invisible="1"/>
	</immunities>
<loot>
	<item id="2148" countmax="90" chance1="100000" chancemax="0"/><!-- 1-90 100% 2148 gold -->
	<item id="2148" countmax="28" chance1="100000" chancemax="0"/><!-- 1-28 100% 2148 gold -->
	<item id="2666" countmax="4" chance1="70000" chancemax="0"/><!-- 70% 2666 meat -->
	<item id="2671" countmax="2" chance1="50000" chancemax="0"/><!-- 50% 2671 ham -->
	<item id="2792" countmax="5" chance1="25000" chancemax="0"/><!-- 1-5 25% 2792 dark mushroom -->
	<item id="5015" chance="100000"/><!-- mandrake -->
</loot>
</monster>