<?xml version="1.0" encoding="UTF-8"?>
<monster name="ancient scarab" nameDescription="a ancient scarab" race="VENOM" experience="720" speed="330" manacost="0">
  <health now="1000" max="1000"/>
  <look type="79" head="20" body="30" legs="40" feet="50" corpse="3004"/>
  <targetchange interval="5000" chance="8"/>
  <strategy attack="100" defense="0"/>
  <flags>
    <flag summonable="0"/>
    <flag attackable="1"/>
    <flag hostile="1"/>
    <flag illusionable="0"/>
    <flag convinceable="0"/>
    <flag pushable="0"/>
    <flag canpushitems="1"/>
    <flag canpushcreatures="1"/>
    <flag targetdistance="1"/>
    <flag staticattack="90"/>
    <flag runonhealth="0"/>
  </flags>
  <attacks>
    <attack name="melee" interval="2000" min="-30" max="-130" poison="100"/>
    <attack name="poison" interval="1000" chance="12" range="7" min="-15" max="-135">
      <attribute key="shootEffect" value="poison"/>
      <attribute key="areaEffect" value="poison"/>
    </attack>
    <attack name="speed" interval="1000" chance="13" range="7" speedchange="-700" duration="25000">
      <attribute key="shootEffect" value="poison"/>
      <attribute key="areaEffect" value="poison"/>
    </attack>
    <attack name="poisoncondition" interval="3000" chance="17" radius="5" target="0" min="-30" max="-100">
      <attribute key="areaEffect" value="poison"/>
    </attack>
  </attacks>
  <defenses armor="25" defense="20">
    <defense name="speed" interval="1000" chance="8" speedchange="350" duration="9000">
      <attribute key="areaEffect" value="redshimmer"/>
    </defense>
  </defenses>
  <immunities>
    <immunity physical="0"/>
    <immunity energy="0"/>
    <immunity fire="0"/>
    <immunity poison="1"/>
    <immunity lifedrain="1"/>
    <immunity paralyze="1"/>
    <immunity outfit="1"/>
    <immunity drunk="1"/>
    <immunity invisible="1"/>
  </immunities>
  <summons maxSummons="3">
    <summon name="larva" interval="1000" chance="15" max="3"/>
  </summons>
  <loot>
    <item id="2150" countmax="4" chance="1200"/> -- small amethyst
    <item id="2148" countmax="90" chance1="100000" chancemax="0"/> -- gold coin
    <item id="2162" chance="2500"/> -- magic lightwand
    <item id="2463" chance="2222"/> -- plate armor :: Arm 10
    <item id="1987" chance="100000"> -- bag
    <item id="2149" countmax="3" chance="600"/> -- small emerald
      <inside>
        <item id="2148" countmax="22" chance="99900"/> -- gold coin
        <item id="2135" chance="1428"/> -- scarab amulet
        <item id="2159" countmax="4" chance="555"/> -- scarab coin
        <item id="2142" chance="800"/> -- ancient amulet
        <item id="2440" chance="200"/> -- daramanian waraxe :: Def 15 :: Atk 39
        <item id="2540" countmax="1" chance="500"/> -- scarab shield :: Def 25
      </inside>
    </item>
  </loot>
</monster>
