<?xml version="1.0" encoding="UTF-8"?>
<monster name="Ashmunrah" nameDescription="a ashmunrah" race="UNDEAD" experience="5000" speed="320" manacost="0">
  <health now="3100" max="3100"/>
  <look type="87" head="20" body="30" legs="40" feet="50" corpse="3016"/>
  <targetchange interval="5000" chance="8"/>
  <strategy attack="100" defense="0"/>
  <flags>
    <flag summonable="0"/>
    <flag attackable="1"/>
    <flag hostile="1"/>
    <flag illusionable="0"/>
    <flag convinceable="0"/>
    <flag pushable="0"/>
    <flag canpushitems="1"/>
    <flag canpushcreatures="1"/>
    <flag targetdistance="1"/>
    <flag staticattack="90"/>
    <flag runonhealth="0"/>
  </flags>
  <attacks>
    <attack name="melee" interval="2000" min="-0" max="-600" poison="55"/>

    <attack name="lifedrain" interval="3000" chance="7" range="1" min="-100" max="-700"/>

    <attack name="poison" interval="2000" chance="12" range="7" min="-100" max="-500">
      <attribute key="shootEffect" value="poison"/>
      <attribute key="areaEffect" value="poison"/>
    </attack>

    <attack name="physical" interval="3000" chance="12" range="7" min="-120" max="-750">
      <attribute key="shootEffect" value="energy"/>
      <attribute key="areaEffect" value="mortarea"/>
    </attack>
    <attack name="speed" interval="3000" chance="25" range="7" speedchange="-650" duration="50000">
      <attribute key="areaEffect" value="redshimmer"/>
    </attack>
    <attack name="lifedrain" interval="2000" chance="18" length="8" spread="3" min="-50" max="-550">
      <attribute key="areaEffect" value="yellowbubble"/>
    </attack>
  </attacks>
  <defenses armor="25" defense="30">
    <defense name="healing" interval="1000" chance="20" min="200" max="400">
      <attribute key="areaEffect" value="blueshimmer"/>
    </defense>
    <defense name="invisible" interval="1000" chance="7" duration="2000">
      <attribute key="areaEffect" value="blueshimmer"/>
    </defense>
    <defense name="outfit" interval="1000" chance="3" monster="ancient scarab" duration="6000">
      <attribute key="areaEffect" value="blueshimmer"/>
    </defense>
  </defenses>
  <immunities>
    <immunity physical="0"/>
    <immunity energy="0"/>
    <immunity fire="0"/>
    <immunity poison="1"/>
    <immunity lifedrain="1"/>
    <immunity paralyze="1"/>
    <immunity outfit="1"/>
    <immunity drunk="1"/>
    <immunity invisible="1"/>
  </immunities>
  <summons maxSummons="4">
    <summon name="ancient scarab" interval="1000" chance="2000" max="2"/>
    <summon name="green djinn" interval="1000" chance="1000" max="2"/>
  </summons>
  <voices interval="5000" chance="10">
    <voice sentence="I might be trapped but not without power."/>
    <voice sentence="Ahhhh all those long years."/>
    <voice sentence="Ages come, ages go. Asmumrah remains."/>
    <voice sentence="My traitorous son has sent thee."/>
    <voice sentence="No mortal or undead will steal my secrets."/>
    <voice sentence="You will be history soon."/>
    <voice sentence="Come to me, my allys and underlings."/>
  </voices>
  <loot>
    <item id="2148" countmax="100" chance1="100000" chancemax="0"/> -- gold coin
    <item id="2446" chance="220"/> -- pharaoh sword :: Def 23 :: Atk 41
    <item id="2176" chance="2000"/> -- orb
    <item id="2148" countmax="100" chance1="100000" chancemax="0"/> -- gold coin
    <item id="1987" chance="100000"> -- bag
      <inside>
        <item id="2148" countmax="70" chance1="100000" chancemax="0"/> -- gold coin
        <item id="2550" chance="10000"/> -- scythe :: Def 3 :: Atk 8
        <item id="2688" countmax="5" chance1="4000" chancemax="0"/> -- candy cane
        <item id="2540" chance="900"/> -- scarab shield :: Def 25
        <item id="2539" chance="200"/> -- phoenix shield :: Def 34
        <item id="2533" chance="400"/> -- griffin shield :: Def 29
        <item id="2486" chance="300"/> -- noble armor :: Arm 11
        <item id="2658" chance="100"/> -- white dress
        <item id="2187" chance="800"/> -- wand of inferno
        <item id="2147" countmax="2" chance1="4000" chancemax="0"/> -- small ruby
        <item id="2678" countmax="4" chance1="4000" chancemax="0"/> -- coconut
        <item id="2148" countmax="100" chance1="100000" chancemax="0"/> -- gold coin
        <item id="2690" countmax="4" chance1="4000" chancemax="0"/> -- roll
      </inside>
    </item>
  </loot>
</monster>
