<?xml version="1.0" encoding="UTF-8"?>
<monster name="banshee" nameDescription="a banshee" race="blood" experience="900" speed="220" manacost="0">
  <health now="1000" max="1000"/>
  <look type="78" head="20" body="30" legs="40" feet="50" corpse="2998"/>
  <targetchange interval="5000" chance="8"/>
  <strategy attack="100" defense="0"/>
  <flags>
    <flag summonable="0"/>
    <flag attackable="1"/>
    <flag hostile="1"/>
    <flag illusionable="0"/>
    <flag convinceable="0"/>
    <flag pushable="0"/>
    <flag canpushitems="1"/>
    <flag canpushcreatures="1"/>
    <flag targetdistance="1"/>
    <flag staticattack="90"/>
    <flag runonhealth="500"/>
  </flags>
  <attacks>
    <attack name="melee" interval="2000" min="-0" max="-30" poison="150"/>
    <attack name="speed" interval="1000" chance="10" range="7" speedchange="-600" duration="20000">
      <attribute key="areaEffect" value="redshimmer"/>
    </attack>
    <attack name="lifedrain" interval="1000" chance="40" radius="4" target="0" min="-120" max="-250">
      <attribute key="areaEffect" value="rednote"/>
    </attack>
  </attacks>
  <defenses armor="15" defense="20">
    <defense name="healing" interval="1000" chance="25" min="113" max="187">
      <attribute key="areaEffect" value="blueshimmer"/>
    </defense>
  </defenses>
  <immunities>
    <immunity physical="0"/>
    <immunity energy="0"/>
    <immunity fire="1"/>
    <immunity poison="1"/>
    <immunity lifedrain="1"/>
    <immunity paralyze="1"/>
    <immunity outfit="1"/>
    <immunity drunk="1"/>
    <immunity invisible="1"/>
  </immunities>
  <voices interval="5000" chance="10">
    <voice sentence="Are you ready to rock?"/>
    <voice sentence="That's what I call easy listening!"/>
    <voice sentence="Let the music play!"/>
    <voice sentence="I will mourn your death!"/>
    <voice sentence="IIIIEEEeeeeeehhhHHHHH!" yell="1"/>
    <voice sentence="Dance for me your dance of death!"/>
    <voice sentence="Feel my gentle kiss of death."/>
  </voices>
  <loot>
    <item id="2148" countmax="40" chance1="100000" chancemax="0"/> -- gold coin
    <item id="2144" countmax="3" chance1="1000" chancemax="0"/> -- black pearl
    <item id="2657" chance="5000"/> -- simple dress :: Arm 1
    <item id="2168" chance="1333"/> -- life ring
    <item id="2170" chance="2000"/> -- silver amulet
     <item id="2197" chance="750" /><!-- stone skin amulet -->
    <item id="1987" chance="100000"> -- bag
      <inside>
        <item id="2654" chance="20000"/> -- cape :: Arm 1
        <item id="2655" chance="1333"/> -- red robe :: Arm 1
        <item id="2656" chance="600"/> -- blue robe :: Arm 11
      </inside>
    </item>
  </loot>
</monster>
