<?xml version="1.0" encoding="utf-8"?>
<monster name="bear" namedescription="a bear" race="blood" experience="23" speed="176" manacost="300">
  <health now="80" max="80"/>
  <look type="16" head="20" body="30" legs="40" feet="50" corpse="2849"/>
  <targetchange interval="2000" chance="0"/>
  <strategy attack="100" defense="0"/>
  <flags>
    <flag summonable="1"/>
    <flag attackable="1"/>
    <flag hostile="1"/>
    <flag illusionable="1"/>
    <flag convinceable="1"/>
    <flag pushable="0"/>
    <flag canpushitems="0"/>
    <flag canpushcreatures="0"/>
    <flag targetdistance="1"/>
    <flag staticattack="90"/>
    <flag runonhealth="15"/>
  </flags>
  <attacks>
    <attack name="melee" interval="2000" skill="15" attack="17"/>
  </attacks>
  <defenses armor="6" defense="6"/>
  <immunities>
    <immunity physical="0"/>
    <immunity energy="0"/>
    <immunity fire="0"/>
    <immunity poison="0"/>
    <immunity lifedrain="0"/>
    <immunity paralyze="0"/>
    <immunity outfit="0"/>
    <immunity drunk="0"/>
    <immunity invisible="0"/>
  </immunities>
  <voices interval="5000" chance="10">
    <voice sentence="grrrr"/>
    <voice sentence="groar"/>
  </voices>
  <loot>
    <item id="2671" countmax="4" chance1="90000" chancemax="0"/> -- ham
  </loot>
</monster>
