<?xml version="1.0" encoding="utf-8"?>
<monster name="black sheep" namedescription="a black sheep" race="blood" experience="15" speed="200" manacost="250">
  <health now="20" max="20"/>
  <look type="13" head="20" body="30" legs="40" feet="50" corpse="2914"/>
  <targetchange interval="2000" chance="20"/>
  <strategy attack="100" defense="0"/>
  <flags>
    <flag summonable="1"/>
    <flag attackable="1"/>
    <flag hostile="0"/>
    <flag illusionable="1"/>
    <flag convinceable="1"/>
    <flag pushable="1"/>
    <flag canpushitems="0"/>
    <flag canpushcreatures="0"/>
    <flag targetdistance="1"/>
    <flag staticattack="90"/>
    <flag runonhealth="20"/>
  </flags>
  <attacks>
    <attack name="melee" interval="2000" skill="0" attack="0"/>
  </attacks>
  <defenses armor="1" defense="2"/>
  <immunities>
    <immunity physical="0"/>
    <immunity energy="0"/>
    <immunity fire="0"/>
    <immunity poison="0"/>
    <immunity lifedrain="0"/>
    <immunity paralyze="0"/>
    <immunity outfit="0"/>
    <immunity drunk="0"/>
    <immunity invisible="0"/>
  </immunities>
  <voices interval="5000" chance="10">
    <voice sentence="maeh"/>
  </voices>
  <loot>
    <item id="2666" countmax="5" chance1="100000" chancemax="0"/> -- meat
  </loot>
</monster>
