<?xml version="1.0" encoding="UTF-8"?>
<monster name="black knight" nameDescription="a black knight" race="blood" experience="1600" speed="450" manacost="0">
  <health now="2200" max="2200"/>
  <look type="131" head="95" body="95" legs="95" feet="95" addons="3" corpse="3128"/>
  <targetchange interval="5000" chance="8"/>
  <strategy attack="105" defense="0"/>
  <flags>
    <flag summonable="0"/>
    <flag attackable="1"/>
    <flag hostile="1"/>
    <flag illusionable="0"/>
    <flag convinceable="0"/>
    <flag pushable="0"/>
    <flag canpushitems="1"/>
    <flag canpushcreatures="1"/>
    <flag targetdistance="1"/>
    <flag staticattack="90"/>
    <flag runonhealth="0"/>
  </flags>
  <attacks>
    <attack name="melee" interval="2000" min="-0" max="-300"/>
    <attack name="physical" interval="2000" chance="20" range="7" min="-65" max="-145">
      <attribute key="shootEffect" value="spear"/>
    </attack>
<attack name="melee" interval="3000" chance="15" range="7" radius="3" target="0" min="-80" max="-155">
  <attribute key="areaEffect" value="blackspark"/>
</attack>
  </attacks>
  <defenses armor="35" defense="40"/>
  <immunities>
    <immunity physical="0"/>
    <immunity energy="1"/>
    <immunity fire="1"/>
    <immunity poison="1"/>
    <immunity lifedrain="0"/>
    <immunity paralyze="1"/>
    <immunity outfit="1"/>
    <immunity drunk="1"/>
    <immunity invisible="1"/>
  </immunities>
  <voices interval="5000" chance="10">
    <voice sentence="MINE!" yell="1"/>
    <voice sentence="NO PRISONERS!" yell="1"/>
    <voice sentence="NO MERCY!" yell="1"/>
    <voice sentence="By Bolg's Blood!"/>
    <voice sentence="You're no match for me!"/>
  </voices>
  <loot>
    <item id="2457" chance="10000"/> -- steel helmet :: Arm 6
    <item id="2417" chance="7000"/> -- battle hammer :: Def 14 :: Atk 24
    <item id="2148" countmax="100" chance1="100000" chancemax="0"/> -- gold coin
    <item id="2476" chance="800"/> -- knight armor :: Arm 12
    <item id="2489" chance="1428"/> -- dark armor :: Arm 10
    <item id="2490" chance="6666"/> -- dark helmet :: Arm 6
    <item id="2381" chance="9000"/> -- halberd :: Def 14 :: Atk 35
    <item id="2389" countmax="1" chance1="20000" chancemax="0"/> -- spear :: Atk 25
    <item id="1987" chance="100000"> -- bag
      <inside>
        <item id="2477" chance="1000"/> -- knight legs :: Arm 8
        <item id="2691" countmax="2" chance="20000"/> -- brown bread
        <item id="2478" chance="13000"/> -- brass legs :: Arm 5
        <item id="2475" countmax="1" chance="2000"/> -- warrior helmet :: Arm 8
        <item id="2463" chance="2500"/> -- plate armor :: Arm 10
        <item id="2148" countmax="15" chance1="100000" chancemax="0"/> -- gold coin
        <item id="2120" chance="20000"/> -- rope
        <item id="2387" chance="6666"/> -- double axe :: Def 12 :: Atk 35
        <item id="2377" chance="2857"/> -- two handed sword :: Def 25 :: Atk 30
        <item id="2430" chance="1333"/> -- knight axe :: Def 21 :: Atk 33
        <item id="2414" chance="909"/> -- dragon lance :: Def 16 :: Atk 47
        <item id="2195" chance="555"/> -- boots of haste
        <item id="2133" countmax="1" chance="800"/> -- ruby necklace
      </inside>
    </item>
  </loot>
</monster>
