<?xml version="1.0" encoding="utf-8"?>
<monster name="bug" namedescription="a bug" race="venom" experience="18" speed="240" manacost="250">
  <health now="29" max="29"/>
  <look type="45" head="20" body="30" legs="40" feet="50" corpse="2902"/>
  <targetchange interval="2000" chance="0"/>
  <strategy attack="100" defense="0"/>
  <flags>
    <flag summonable="1"/>
    <flag attackable="1"/>
    <flag hostile="1"/>
    <flag illusionable="1"/>
    <flag convinceable="1"/>
    <flag pushable="1"/>
    <flag canpushitems="0"/>
    <flag canpushcreatures="0"/>
    <flag targetdistance="1"/>
    <flag staticattack="90"/>
    <flag runonhealth="0"/>
  </flags>
  <attacks>
    <attack name="melee" interval="2000" skill="23" attack="9"/>
  </attacks>
  <defenses armor="2" defense="3"/>
  <immunities>
    <immunity physical="0"/>
    <immunity energy="0"/>
    <immunity fire="0"/>
    <immunity poison="0"/>
    <immunity lifedrain="0"/>
    <immunity paralyze="0"/>
    <immunity outfit="0"/>
    <immunity drunk="0"/>
    <immunity invisible="0"/>
  </immunities>
  <loot>
    <item id="2148" countmax="4" chance1="100000" chancemax="0"/> -- gold coin
    <item id="2679" countmax="3" chance1="50000" chancemax="0"/> -- cherry
  </loot>
</monster>
