<?xml version="1.0" encoding="UTF-8"?>
<monster name="cave rat" nameDescription="a cave rat" race="blood" experience="10" speed="150" manacost="250">
  <health now="30" max="30"/>
  <look type="56" head="20" body="30" legs="40" feet="50" corpse="2813"/>
  <targetchange interval="2000" chance="0"/>
  <strategy attack="100" defense="0"/>
  <flags>
    <flag summonable="1"/>
    <flag attackable="1"/>
    <flag hostile="1"/>
    <flag illusionable="1"/>
    <flag convinceable="1"/>
    <flag pushable="1"/>
    <flag canpushitems="0"/>
    <flag canpushcreatures="0"/>
    <flag targetdistance="1"/>
    <flag staticattack="90"/>
    <flag runonhealth="3"/>
  </flags>
  <attacks>
    <attack name="melee" interval="2000" skill="18" attack="8"/>
  </attacks>
  <defenses armor="1" defense="3"/>
  <immunities>
    <immunity physical="0"/>
    <immunity energy="0"/>
    <immunity fire="0"/>
    <immunity poison="0"/>
    <immunity lifedrain="0"/>
    <immunity paralyze="0"/>
    <immunity outfit="0"/>
    <immunity drunk="0"/>
    <immunity invisible="0"/>
  </immunities>
  <voices interval="5000" chance="10">
    <voice sentence="Meeeeep!"/>
    <voice sentence="Meep!"/>
  </voices>
  <loot>
    <item id="2148" chance="50000" countmax="50"/><!-- 50 50% gold coin -->
    <item id="2148" countmax="6" chance1="100000" chancemax="0"/> -- gold coin
    <item id="2696" chance="20000"/> -- cheese
  </loot>
</monster>
