<?xml version="1.0" encoding="utf-8"?>
<monster name="cobra" namedescription="a cobra" race="blood" experience="30" speed="170" manacost="275">
  <health now="65" max="65"/>
  <look type="81" head="20" body="30" legs="40" feet="50" corpse="3007"/>
  <targetchange interval="5000" chance="8"/>
  <strategy attack="100" defense="0"/>
  <flags>
    <flag summonable="1"/>
    <flag attackable="1"/>
    <flag hostile="1"/>
    <flag illusionable="1"/>
    <flag convinceable="1"/>
    <flag pushable="1"/>
    <flag canpushitems="0"/>
    <flag canpushcreatures="0"/>
    <flag targetdistance="1"/>
    <flag staticattack="90"/>
    <flag runonhealth="0"/>
  </flags>
  <attacks>
    <attack name="melee" interval="2000" skill="23" attack="15" poison="100"/>
    <attack name="poisoncondition" interval="1000" chance="25" range="5" min="-14" max="-26">
      <attribute key="shooteffect" value="poison"/>
    </attack>
  </attacks>
  <defenses armor="1" defense="4"/>
  <immunities>
    <immunity physical="0"/>
    <immunity energy="0"/>
    <immunity fire="0"/>
    <immunity poison="1"/>
    <immunity lifedrain="0"/>
    <immunity paralyze="0"/>
    <immunity outfit="0"/>
    <immunity drunk="0"/>
    <immunity invisible="0"/>
  </immunities>
  <voices interval="5000" chance="10">
    <voice sentence="zzzzzz"/>
  </voices>
  <loot>
    <item id="2220" chance="33333"/> -- dirty fur
    <item id="2230" chance="20000"/> -- bone
  </loot>
</monster>
