<?xml version="1.0" encoding="UTF-8"?>
<monster name="crypt shambler" nameDescription="a crypt shambler" race="UNDEAD" experience="195" speed="180" manacost="0">
  <health now="330" max="330"/>
  <look type="100" head="20" body="30" legs="40" feet="50" corpse="3028"/>
  <targetchange interval="5000" chance="8"/>
  <strategy attack="100" defense="0"/>
  <flags>
    <flag summonable="0"/>
    <flag attackable="1"/>
    <flag hostile="1"/>
    <flag illusionable="1"/>
    <flag convinceable="1"/>
    <flag pushable="0"/>
    <flag canpushitems="1"/>
    <flag canpushcreatures="1"/>
    <flag targetdistance="1"/>
    <flag staticattack="90"/>
    <flag runonhealth="0"/>
  </flags>
  <attacks>
    <attack name="melee" interval="2000" skill="60" attack="39"/>
    <attack name="lifedrain" interval="1000" chance="13" range="1" min="-25" max="-55"/>
  </attacks>
  <defenses armor="15" defense="10"/>
  <immunities>
    <immunity physical="0"/>
    <immunity energy="0"/>
    <immunity fire="0"/>
    <immunity poison="1"/>
    <immunity lifedrain="1"/>
    <immunity paralyze="1"/>
    <immunity outfit="0"/>
    <immunity drunk="0"/>
    <immunity invisible="0"/>
  </immunities>
  <voices interval="5000" chance="10">
    <voice sentence="Uhhhhhhh!"/>
    <voice sentence="Aaaaahhhh!"/>
    <voice sentence="Hoooohhh!"/>
    <voice sentence="Chhhhhhh!"/>
  </voices>
  <loot>
    <item id="2148" countmax="15" chance1="100000" chancemax="0"/> -- gold coin
    <item id="2671" countmax="2" chance1="33333" chancemax="0"/> -- ham
    <item id="1987" chance="100000"> -- bag
      <inside>
        <item id="2377" chance="2857"/> -- two handed sword :: Def 25 :: Atk 30
        <item id="2399" countmax="2" chance1="33333" chancemax="0"/> -- throwing star :: Atk 30
        <item id="2450" chance="5000"/> -- bone sword :: Def 10 :: Atk 14
        <item id="2482" chance="20000"/> -- studded helmet :: Arm 2
        <item id="2541" chance="2000"/> -- bone shield :: Def 20
      </inside>
    </item>
  </loot>
</monster>
