<?xml version="1.0" encoding="UTF-8"?>
<monster name="dark monk" nameDescription="a dark monk" race="blood" experience="145" speed="210" manacost="0">
  <health now="190" max="190"/>
  <look type="225" head="20" body="30" legs="40" feet="50" corpse="3128"/>
  <targetchange interval="5000" chance="8"/>
  <strategy attack="100" defense="0"/>
  <flags>
    <flag summonable="0"/>
    <flag attackable="1"/>
    <flag hostile="1"/>
    <flag illusionable="1"/>
    <flag convinceable="1"/>
    <flag pushable="0"/>
    <flag canpushitems="1"/>
    <flag canpushcreatures="1"/>
    <flag targetdistance="1"/>
    <flag staticattack="90"/>
    <flag runonhealth="0"/>
  </flags>
  <attacks>
    <attack name="melee" interval="2000" skill="30" attack="37"/>
    <attack name="lifedrain" interval="1000" chance="12" range="1" min="-15" max="-30">
      <attribute key="areaEffect" value="redshimmer"/>
    </attack>
  </attacks>
  <defenses armor="22" defense="23">
    <defense name="healing" interval="1000" chance="12" min="25" max="49">
      <attribute key="areaEffect" value="blueshimmer"/>
    </defense>
    <defense name="speed" interval="1000" chance="10" speedchange="300" duration="6000">
      <attribute key="areaEffect" value="redshimmer"/>
    </defense>
  </defenses>
  <immunities>
    <immunity physical="0"/>
    <immunity energy="0"/>
    <immunity fire="0"/>
    <immunity poison="0"/>
    <immunity lifedrain="0"/>
    <immunity paralyze="0"/>
    <immunity outfit="1"/>
    <immunity drunk="1"/>
    <immunity invisible="1"/>
  </immunities>
  <voices interval="5000" chance="10">
    <voice sentence="This is where your path will end!"/>
    <voice sentence="Your end has come."/>
    <voice sentence="You are no match for us!"/>
  </voices>
  <loot>
    <item id="2148" countmax="20" chance1="100000" chancemax="0"/> -- gold coin
    <item id="2439" chance="400"/> -- daramanian mace :: Def 12 :: Atk 21
    <item id="1949" chance="10000"/> -- scroll
    <item id="2467" chance="10000"/> -- leather armor :: Arm 4
    <item id="2642" chance="6666"/> -- sandals
    <item id="1987" chance="100000"> -- bag
      <inside>
        <item id="2177" countmax="1" chance="1000"/> -- life crystal
        <item id="2044" chance="6666"/> -- lamp
        <item id="2689" countmax="3" chance1="20000" chancemax="0"/> -- bread
        <item id="2401" chance="3333"/> -- staff :: Def 25 :: Atk 10
        <item id="2440" chance="100"/> -- daramanian waraxe :: Def 15 :: Atk 39
        <item id="2166" chance="1428"/> -- power ring
        <item id="1949" chance="20000"/> -- scroll
      </inside>
    </item>
  </loot>
</monster>
