<?xml version="1.0" encoding="UTF-8"?>
<monster name="demon skeleton" nameDescription="a demon skeleton" race="undead" experience="240" speed="170" manacost="620">
  <health now="400" max="400"/>
  <look type="37" head="20" body="30" legs="40" feet="50" corpse="2809"/>
  <targetchange interval="5000" chance="8"/>
  <strategy attack="100" defense="0"/>
  <flags>
    <flag summonable="1"/>
    <flag attackable="1"/>
    <flag hostile="1"/>
    <flag illusionable="1"/>
    <flag convinceable="1"/>
    <flag pushable="0"/>
    <flag canpushitems="1"/>
    <flag canpushcreatures="1"/>
    <flag targetdistance="1"/>
    <flag staticattack="90"/>
    <flag runonhealth="0"/>
  </flags>
  <attacks>
    <attack name="melee" interval="2000" min="-1" max="-150"/>
    <attack name="lifedrain" interval="2000" chance="10" range="1" min="-10" max="-30"/>
  </attacks>
  <defenses armor="25" defense="25"/>
  <immunities>
    <immunity physical="0"/>
    <immunity energy="0"/>
    <immunity fire="1"/>
    <immunity poison="1"/>
    <immunity lifedrain="1"/>
    <immunity paralyze="1"/>
    <immunity outfit="0"/>
    <immunity drunk="0"/>
    <immunity invisible="0"/>
  </immunities>
  <loot>
    <item id="2148" countmax="40" chance1="100000" chancemax="0"/> -- gold coin
    <item id="2399" countmax="1" chance1="10000" chancemax="0"/> -- throwing star :: Atk 30
    <item id="2515" chance="400"/> -- guardian shield :: Def 30
    <item id="2178" chance="1000"/> -- mind stone
    <item id="2050" chance="10000"/> -- torch
    <item id="1987" chance="100000"> -- bag
      <inside>
        <item id="2417" chance="5000"/> -- battle hammer :: Def 14 :: Atk 24
        <item id="2482" chance="2857"/> -- studded helmet :: Arm 2
        <item id="2194" chance="700"/> -- mysterious fetish
        <item id="2398" chance="10000"/> -- mace :: Def 11 :: Atk 16
      </inside>
    </item>
  </loot>
</monster>
