<?xml version="1.0" encoding="UTF-8"?>
<monster name="Demodras" nameDescription="Demodras" race="blood" experience="3100" speed="230" manacost="0">
  <health now="2200" max="2200"/>
  <look type="204" head="20" body="30" legs="40" feet="50" corpse="2881"/>
  <targetchange interval="5000" chance="8"/>
  <strategy attack="100" defense="0"/>
  <flags>
    <flag summonable="0"/>
    <flag attackable="1"/>
    <flag hostile="1"/>
    <flag illusionable="1"/>
    <flag convinceable="0"/>
    <flag pushable="0"/>
    <flag canpushitems="1"/>
    <flag canpushcreatures="1"/>
    <flag targetdistance="1"/>
    <flag staticattack="90"/>
    <flag runonhealth="300"/>
  </flags>
  <attacks>
    <attack name="melee" interval="2000" min="-160" max="-600"/>
    <attack name="fire" interval="3000" chance="20" range="7" radius="4" target="1" min="-250" max="-350">
      <attribute key="shootEffect" value="fire"/>
      <attribute key="areaEffect" value="firearea"/>
    </attack>
    <attack name="firefield" interval="1000" chance="10" range="7" radius="6" target="1">
      <attribute key="shootEffect" value="fire"/>
    </attack>
    <attack name="fire" interval="4000" chance="20" length="8" spread="3" min="-250" max="-550">
      <attribute key="areaEffect" value="firearea"/>
    </attack>
  </attacks>
  <defenses armor="35" defense="25">
    <defense name="healing" interval="1000" chance="25" min="400" max="700">
      <attribute key="areaEffect" value="blueshimmer"/>
    </defense>
  </defenses>
  <immunities>
    <immunity physical="0"/>
    <immunity energy="0"/>
    <immunity fire="1"/>
    <immunity poison="1"/>
    <immunity lifedrain="1"/>
    <immunity paralyze="1"/>
    <immunity outfit="1"/>
    <immunity drunk="1"/>
    <immunity invisible="1"/>
  </immunities>
  <summons maxSummons="2">
    <summon name="dragon" interval="1000" chance="17" max="2"/>
  </summons>
  <voices interval="5000" chance="10">
    <voice sentence="ZCHHHHH" yell="1"/>
    <voice sentence="I WILL SET THE WORLD IN FIRE!" yell="1"/>
    <voice sentence="I WILL PROTECT MY BROOD!" yell="1"/>
  </voices>
  <loot>
    <item id="2148" countmax="100" chance1="100000" chancemax="0"/> -- gold coin
    <item id="2672" countmax="2" chance1="20000" chancemax="0"/> -- dragon ham
    <item id="2033" chance="1818"/> -- golden mug
    <item id="1976" chance="3333"/> -- gemmed book
    <item id="2413" chance="5000"/> -- broad sword :: Def 23 :: Atk 26
    <item id="2498" chance="588"/> -- royal helmet :: Arm 9
    <item id="2492" chance="333"/> -- dragon scale mail :: Arm 15
    <item id="2547" countmax="10" chance1="2222" chancemax="0"/> -- power bolt :: Atk 50
    <item id="2546" countmax="5" chance1="2222" chancemax="0"/> -- burst arrow
    <item id="2796" countmax="1" chance1="6666" chancemax="0"/> -- green mushroom
    <item id="1987" chance="100000"> -- bag
      <inside>
        <item id="2148" countmax="100" chance1="100000" chancemax="0"/> -- gold coin
        <item id="2149" countmax="2" chance1="833" chancemax="0"/> -- small emerald
        <item id="2392" chance="1428"/> -- fire sword :: Def 20 :: Atk 35
        <item id="2146" countmax="2" chance1="2222" chancemax="0"/> -- small sapphire
        <item id="2528" chance="1333"/> -- tower shield :: Def 32
      </inside>
    </item>
  </loot>
</monster>
