<?xml version="1.0" encoding="UTF-8"?>
<monster name="Demon" nameDescription="a demon" race="fire" experience="6000" speed="280" manacost="10000">
  <health now="8200" max="8200"/>
  <look type="35" corpse="2916"/>
  <targetchange interval="5000" chance="8"/>
  <strategy attack="100" defense="0"/>
  <flags>
    <flag summonable="0"/>
    <flag attackable="1"/>
    <flag hostile="1"/>
    <flag illusionable="0"/>
    <flag convinceable="0"/>
    <flag pushable="0"/>
    <flag canpushitems="1"/>
    <flag canpushcreatures="1"/>
    <flag targetdistance="1"/>
    <flag staticattack="95"/>
    <flag runonhealth="0"/>
  </flags>
  <attacks>
    <attack name="melee" interval="2000" min="-140" max="-490"/>

    <attack name="manadrain" interval="3000" chance="23" range="7" min="-180" max="-300"/>

    <attack name="fire" interval="2000" chance="29" range="7" radius="7" target="1" min="-120" max="-260">
      <attribute key="shootEffect" value="fire"/>
      <attribute key="areaEffect" value="firearea"/>
    </attack>

    <attack name="firefield" interval="1000" chance="15" range="7" radius="1" target="1">
      <attribute key="shootEffect" value="fire"/>
    </attack>

    <attack name="energy" interval="3000" chance="40" length="8" spread="0" min="-270" max="-420">
      <attribute key="areaEffect" value="energy"/>
    </attack>

  </attacks>
  <defenses armor="50" defense="55">
    <defense name="healing" interval="1000" chance="25" min="90" max="250">
      <attribute key="areaEffect" value="blueshimmer"/>
    </defense>
  </defenses>
  <immunities>
    <immunity physical="0"/>
    <immunity energy="1"/>
    <immunity fire="1"/>
    <immunity poison="1"/>
    <immunity lifedrain="1"/>
    <immunity paralyze="1"/>
    <immunity outfit="1"/>
    <immunity drunk="1"/>
    <immunity invisible="1"/>
  </immunities>
  <summons maxSummons="2">
    <summon name="fire elemental" interval="2500" chance="10" max="2"/>
  </summons>
  <voices interval="5000" chance="10">
    <voice sentence="MUHAHAHAHA!" yell="1"/>
    <voice sentence="I SMELL FEEEEEAAAR!" yell="1"/>
    <voice sentence="CHAMEK ATH UTHUL ARAK!" yell="1"/>
    <voice sentence="Your resistance is futile!"/>
    <voice sentence="Your soul will be mine!" yell="0"/>
  </voices>
<loot>
 	<item id="2148" countmax="100" chance1="100000" chancemax="0"/> -- gold coin
 	<item id="2148" countmax="25" chance1="100000" chancemax="0"/> -- gold coin
 	<item id="2393" chance="1428"/> -- giant sword :: Def 22 :: Atk 46
 	<item id="2514" chance="500"/> -- mastermind shield :: Def 37
 	<item id="2432" chance="1200"/> -- fire axe :: Def 16 :: Atk 38
 	<item id="2472" chance="130"/> -- magic plate armor :: Arm 17
        <item id="2164" chance="200"/> -- might ring
        <item id="2176" chance="3000"/> -- orb
        <item id="1982" chance="1300"/> -- purple tome :: Def 22
        <item id="2165" chance="1400"/> -- stealth ring
 	<item id="1987" chance="100000"> -- bag
 	<inside>
        <item id="2214" chance="500"/> -- ring of healing
        <item id="2396" chance="600"/> -- ice rapier :: Atk 40 :: Def 1
        <item id="2179" chance="1100"/> -- gold ring
        <item id="2795" countmax="6" chance="20000"/> -- fire mushroom
  	<item id="2678" countmax="3" chance1="10000" chancemax="0"/> -- coconut
 	<item id="2148" countmax="100" chance1="100000" chancemax="0"/> -- gold coin
 	<item id="2151" countmax="4" chance1="4000" chancemax="0"/> -- talon
 	<item id="2462" chance="1200"/> -- devil helmet :: Arm 7
	<item id="2149" countmax="3" chance1="11000" chancemax="0"/> -- small emerald
 	<item id="2171" chance="800"/> -- platinum amulet :: Arm 2
 	<item id="2387" chance="20000"/> -- double axe :: Def 12 :: Atk 35
 	<item id="2470" chance="400"/> -- golden legs :: Arm 9
 	<item id="2520" chance="700"/> -- demon shield :: Def 35
 	<item id="2418" chance="1500"/> -- golden sickle :: Def 6 :: Atk 13
 	<item id="2377" chance="3333"/> -- two handed sword :: Def 25 :: Atk 30
 	</inside>
 	</item>
</loot>
</monster>
