<?xml version="1.0" encoding="UTF-8"?>
<monster name="dragon" nameDescription="a dragon" race="blood" experience="700" speed="180" manacost="0">
  <health now="1000" max="1000"/>
  <look type="34" head="20" body="30" legs="40" feet="50" corpse="3104"/>
  <targetchange interval="5000" chance="8"/>
  <strategy attack="100" defense="0"/>
  <flags>
    <flag summonable="0"/>
    <flag attackable="1"/>
    <flag hostile="1"/>
    <flag illusionable="1"/>
    <flag convinceable="0"/>
    <flag pushable="0"/>
    <flag canpushitems="1"/>
    <flag canpushcreatures="1"/>
    <flag targetdistance="1"/>
    <flag staticattack="95"/>
    <flag runonhealth="300"/>
  </flags>
  <attacks>
    <attack name="melee" interval="2000" min="-10" max="-100"/>
    <attack name="fire" interval="2000" chance="25" range="7" radius="4" target="1" min="-45" max="-65">
      <attribute key="shootEffect" value="fire"/>
      <attribute key="areaEffect" value="firearea"/>
    </attack>
    <attack name="fire" interval="3000" chance="15" length="8" spread="3" min="-60" max="-90">
      <attribute key="areaEffect" value="firearea"/>
    </attack>
  </attacks>
  <defenses armor="25" defense="18">
    <defense name="healing" interval="1000" chance="13" min="34" max="56">
      <attribute key="areaEffect" value="blueshimmer"/>
    </defense>
  </defenses>
  <immunities>
    <immunity physical="0"/>
    <immunity energy="0"/>
    <immunity fire="1"/>
    <immunity poison="1"/>
    <immunity lifedrain="0"/>
    <immunity paralyze="1"/>
    <immunity outfit="1"/>
    <immunity drunk="1"/>
    <immunity invisible="1"/>
  </immunities>
  <voices interval="5000" chance="10">
    <voice sentence="GROOAAARRR" yell="1"/>
    <voice sentence="FCHHHHH" yell="1"/>
  </voices>
  <loot>
    <item id="2672" countmax="2" chance1="20000" chancemax="0"/> -- dragon ham
    <item id="2148" countmax="100" chance1="100000" chancemax="0"/> -- gold coin
    <item id="2398" chance="20000"/> -- mace :: Def 11 :: Atk 16
    <item id="2455" chance="6666"/> -- crossbow
    <item id="2434" chance="1333"/> -- dragon hammer :: Def 20 :: Atk 32
    <item id="2509" chance="1818"/> -- steel shield :: Def 21
    <item id="2406" chance="20000"/> -- short sword :: Def 11 :: Atk 11
    <item id="2647" chance="2222"/> -- plate legs :: Arm 7
    <item id="2457" chance="3333"/> -- steel helmet :: Arm 6
    <item id="2387" chance="4000"/> -- double axe :: Def 12 :: Atk 35
    <item id="2397" chance="5000"/> -- longsword :: Def 14 :: Atk 17
    <item id="2546" countmax="10" chance1="4000" chancemax="0"/> -- burst arrow
    <item id="1987" chance="100000"> -- bag
      <inside>
        <item id="2187" chance="1111" /> -- wand of inferno
        <item id="2148" countmax="25" chance1="100000" chancemax="0"/> -- gold coin
        <item id="2516" chance="600"/> -- dragon shield :: Def 31
        <item id="2145" countmax="3" chance1="1538" chancemax="0"/> -- small diamond
        <item id="2177" chance="2000"/> -- life crystal
        <item id="2413" chance="6666"/> -- broad sword :: Def 23 :: Atk 26
        <item id="2409" chance="509"/> -- serpent sword :: Def 15 :: Atk 26
      </inside>
    </item>
  </loot>
</monster>
