<?xml version="1.0" encoding="UTF-8"?>
<monster name="dwarf guard" nameDescription="a dwarf guard" race="blood" experience="165" speed="200" manacost="650">
  <health now="245" max="245"/>
  <look type="70" head="20" body="30" legs="40" feet="50" corpse="2983"/>
  <targetchange interval="5000" chance="8"/>
  <strategy attack="100" defense="0"/>
  <flags>
    <flag summonable="1"/>
    <flag attackable="1"/>
    <flag hostile="1"/>
    <flag illusionable="1"/>
    <flag convinceable="1"/>
    <flag pushable="0"/>
    <flag canpushitems="1"/>
    <flag canpushcreatures="1"/>
    <flag targetdistance="1"/>
    <flag staticattack="90"/>
    <flag runonhealth="0"/>
  </flags>
  <attacks>
    <attack name="melee" interval="2000" min="-1" max="-100"/>
  </attacks>
  <defenses armor="15" defense="22"/>
  <immunities>
    <immunity physical="0"/>
    <immunity energy="0"/>
    <immunity fire="0"/>
    <immunity poison="1"/>
    <immunity lifedrain="0"/>
    <immunity paralyze="0"/>
    <immunity outfit="1"/>
    <immunity drunk="1"/>
    <immunity invisible="1"/>
  </immunities>
  <voices interval="5000" chance="10">
    <voice sentence="Hail Durin!"/>
  </voices>
  <loot>
    <item id="2148" countmax="50" chance1="100000" chancemax="0"/> -- gold coin
    <item id="2483" chance="20000"/> -- scale armor :: Arm 9
    <item id="2417" chance="33333"/> -- battle hammer :: Def 14 :: Atk 24
    <item id="2387" chance="25000"/> -- double axe :: Def 12 :: Atk 35
    <item id="2787" countmax="3" chance1="33333" chancemax="0"/> -- white mushroom
    <item id="1987" chance="100000"> -- bag
      <inside>
        <item id="2148" countmax="15" chance1="90000" chancemax="0"/> -- gold coin
        <item id="2459" chance="10000"/> -- iron helmet :: Arm 5
        <item id="2513" chance="6666"/> -- battle shield :: Def 23
        <item id="2150" countmax="2" chance1="4000" chancemax="0"/> -- small amethyst
        <item id="2378" chance="5000"/> -- battle axe :: Def 10 :: Atk 25
      </inside>
    </item>
  </loot>
</monster>
