<?xml version="1.0" encoding="UTF-8"?>
<monster name="dwarf geomancer" nameDescription="a dwarf geomancer" race="blood" experience="245" speed="200" manacost="0">
  <health now="380" max="380"/>
  <look type="66" head="20" body="30" legs="40" feet="50" corpse="2987"/>
  <targetchange interval="5000" chance="8"/>
  <strategy attack="100" defense="0"/>
  <flags>
    <flag summonable="0"/>
    <flag attackable="1"/>
    <flag hostile="1"/>
    <flag illusionable="1"/>
    <flag convinceable="0"/>
    <flag pushable="0"/>
    <flag canpushitems="1"/>
    <flag canpushcreatures="1"/>
    <flag targetdistance="4"/>
    <flag staticattack="90"/>
    <flag runonhealth="150"/>
  </flags>
  <attacks>
    <attack name="melee" interval="2000" skill="50" attack="30"/>
    <attack name="fire" interval="1000" chance="10" range="7" radius="4" target="1" min="-50" max="-120">
      <attribute key="shootEffect" value="fire"/>
      <attribute key="areaEffect" value="firearea"/>
    </attack>
    <attack name="physical" interval="1000" chance="34" range="7" min="-55" max="-105">
      <attribute key="shootEffect" value="largerock"/>
    </attack>
    <attack name="manadrain" interval="1000" chance="25" range="7" min="-50" max="-80"/>
  </attacks>
  <defenses armor="15" defense="15">
    <defense name="healing" interval="1000" chance="50" min="75" max="325">
      <attribute key="areaEffect" value="blueshimmer"/>
    </defense>
  </defenses>
  <immunities>
    <immunity physical="0"/>
    <immunity energy="0"/>
    <immunity fire="1"/>
    <immunity poison="1"/>
    <immunity lifedrain="1"/>
    <immunity paralyze="1"/>
    <immunity outfit="1"/>
    <immunity drunk="1"/>
    <immunity invisible="1"/>
  </immunities>
  <voices interval="5000" chance="10">
    <voice sentence="Hail Durin!"/>
    <voice sentence="Earth is the strongest element."/>
    <voice sentence="Dust to dust."/>
  </voices>
  <loot>
    <item id="2148" countmax="20" chance1="100000" chancemax="0"/> -- gold coin
    <item id="2673" countmax="3" chance1="6666" chancemax="0"/> -- pear
    <item id="2260" chance="4000"/> -- blank rune
    <item id="2649" chance="10000"/> -- leather legs :: Arm 1
    <item id="2643" chance="20000"/> -- leather boots :: Arm 1
    <item id="1987" chance="100000"> -- bag
      <inside>
        <item id="2162" chance="2500"/> -- magic lightwand
        <item id="2787" countmax="3" chance1="20000" chancemax="0"/> -- white mushroom
      </inside>
    </item>
  </loot>
</monster>
