<?xml version="1.0" encoding="utf-8"?>
<monster name="dworc venomsniper" namedescription="a dworc venomsniper" race="blood" experience="30" speed="240" manacost="0">
  <health now="80" max="80"/>
  <look type="216" head="20" body="30" legs="40" feet="50" corpse="4310"/>
  <targetchange interval="5000" chance="8"/>
  <strategy attack="100" defense="0"/>
  <flags>
    <flag summonable="0"/>
    <flag attackable="1"/>
    <flag hostile="1"/>
    <flag illusionable="1"/>
    <flag convinceable="1"/>
    <flag pushable="1"/>
    <flag canpushitems="0"/>
    <flag canpushcreatures="0"/>
    <flag targetdistance="4"/>
    <flag staticattack="90"/>
    <flag runonhealth="15"/>
  </flags>
  <attacks>
    <attack name="melee" interval="2000" skill="20" attack="10"/>
    <attack name="poisoncondition" interval="1000" chance="25" range="5" min="-14" max="-26">
      <attribute key="shooteffect" value="poison"/>
    </attack>
  </attacks>
  <defenses armor="3" defense="15"/>
  <immunities>
    <immunity physical="0"/>
    <immunity energy="0"/>
    <immunity fire="0"/>
    <immunity poison="1"/>
    <immunity lifedrain="0"/>
    <immunity paralyze="0"/>
    <immunity outfit="0"/>
    <immunity drunk="0"/>
    <immunity invisible="0"/>
  </immunities>
  <voices interval="5000" chance="10">
    <voice sentence="grak brrretz!"/>
    <voice sentence="grow truk grrrrr."/>
    <voice sentence="prek tars, dekklep zurk."/>
  </voices>
  <loot>
    <item id="2148" chance="50000" countmax="50"/><!-- 50 50% gold coin -->
    <item id="2148" countmax="12" chance1="100000" chancemax="0"/> -- gold coin
    <item id="2666" countmax="2" chance1="40000" chancemax="0"/> -- meat
    <item id="2512" chance="10000"/> -- wooden shield :: Def 14
    <item id="2530" chance="4000"/> -- copper shield :: Def 19
    <item id="1987" chance="100000"> -- bag
      <inside>
        <item id="2385" chance="6666"/> -- sabre :: Def 10 :: Atk 12
        <item id="2464" chance="5000"/> -- chain armor :: Arm 6
        <item id="2420" chance="5000"/> -- machete :: Def 9 :: Atk 12
        <item id="2448" chance="5000"/> -- studded club :: Def 8 :: Atk 9
        <item id="2007" chance="20000"/> -- blue bottle
      </inside>
    </item>
  </loot>
</monster>
