<?xml version="1.0" encoding="UTF-8"?>
<monster name="elder beholder" nameDescription="a elder beholder" race="blood" experience="280" speed="270" manacost="0">
  <health now="1100" max="1100"/>
  <look type="108" head="20" body="30" legs="40" feet="50" corpse="3052"/>
  <targetchange interval="5000" chance="8"/>
  <strategy attack="100" defense="0"/>
  <flags>
    <flag summonable="0"/>
    <flag attackable="1"/>
    <flag hostile="1"/>
    <flag illusionable="1"/>
    <flag convinceable="0"/>
    <flag pushable="0"/>
    <flag canpushitems="1"/>
    <flag canpushcreatures="0"/>
    <flag targetdistance="4"/>
    <flag staticattack="90"/>
    <flag runonhealth="0"/>
  </flags>
  <attacks>
    <attack name="melee" interval="2000" skill="45" attack="16"/>
    <attack name="energy" interval="1000" chance="8" range="7" min="-45" max="-75">
      <attribute key="shootEffect" value="energy"/>
    </attack>
    <attack name="fire" interval="1000" chance="7" range="7" min="-60" max="-80">
      <attribute key="shootEffect" value="fire"/>
    </attack>
    <attack name="physical" interval="1000" chance="9" range="7" min="-70" max="-90">
      <attribute key="shootEffect" value="suddendeath"/>
      <attribute key="areaEffect" value="mortarea"/>
    </attack>
    <attack name="poison" interval="1000" chance="8" range="7" min="-30" max="-70">
      <attribute key="shootEffect" value="poison"/>
    </attack>
    <attack name="lifedrain" interval="1000" chance="6" range="7" min="-75" max="-85">
      <attribute key="areaEffect" value="redshimmer"/>
    </attack>
    <attack name="lifedrain" interval="1000" chance="6" range="7" min="-75" max="-85">
      <attribute key="areaEffect" value="redshimmer"/>
    </attack>
    <attack name="manadrain" interval="1000" chance="6" range="7" min="-20" max="-40">
      <attribute key="areaEffect" value="redshimmer"/>
    </attack>
    <attack name="speed" interval="1000" chance="10" range="7" speedchange="-600" duration="20000">
      <attribute key="areaEffect" value="redshimmer"/>
    </attack>
  </attacks>
  <defenses armor="13" defense="26"/>
  <immunities>
    <immunity physical="0"/>
    <immunity energy="0"/>
    <immunity fire="0"/>
    <immunity poison="1"/>
    <immunity lifedrain="1"/>
    <immunity paralyze="0"/>
    <immunity outfit="1"/>
    <immunity drunk="1"/>
    <immunity invisible="1"/>
  </immunities>
  <summons maxSummons="6">
    <summon name="gazer" interval="1000" chance="13" max="4"/>
    <summon name="crypt shambler" interval="1000" chance="12" max="2"/>
  </summons>
  <voices interval="5000" chance="10">
    <voice sentence="Let me take a look at you!"/>
    <voice sentence="Inferior creatures, bow before my power!"/>
  </voices>
  <loot>
    <item id="2509" countmax="1" chance="6000"/> -- steel shield :: Def 21
    <item id="2148" countmax="45" chance1="100000" chancemax="0"/> -- gold coin
    <item id="2445" chance="400"/> -- crystal mace :: Def 16 :: Atk 38
    <item id="2397" chance="12000"/> -- longsword :: Def 14 :: Atk 17
    <item id="2518" chance="300"/> -- beholder shield :: Def 28
    <item id="2181" chance="1333" /> -- quagmire rod
    <item id="2451" chance="300"/> -- djinn blade :: Def 22 :: Atk 38
    <item id="1987" chance="80000"> -- bag
      <inside>
        <item id="2377" countmax="1" chance="6000"/> -- two handed sword :: Def 25 :: Atk 30
        <item id="2175" chance="1000"/> -- spellbook :: Def 14
        <item id="2394" countmax="1" chance="10000"/> -- morning star :: Def 11 :: Atk 25
        <item id="2148" countmax="32" chance="80000"/> -- gold coin
        <item id="2148" countmax="90" chance1="80000" chancemax="0"/> -- gold coin
        <item id="2423" chance="5000"/> -- clerical mace :: Def 15 :: Atk 28
        <item id="2391" chance="1333"/> -- war hammer :: Def 10 :: Atk 45
      </inside>
    </item>
  </loot>
</monster>
