<?xml version="1.0" encoding="UTF-8"?>
<monster name="elephant" nameDescription="a elephant" race="blood" experience="160" speed="240" manacost="500">
  <health now="320" max="320"/>
  <look type="211" head="20" body="30" legs="40" feet="50" corpse="4295"/>
  <targetchange interval="5000" chance="8"/>
  <strategy attack="100" defense="0"/>
  <flags>
    <flag summonable="1"/>
    <flag attackable="1"/>
    <flag hostile="1"/>
    <flag illusionable="1"/>
    <flag convinceable="1"/>
    <flag pushable="0"/>
    <flag canpushitems="1"/>
    <flag canpushcreatures="1"/>
    <flag targetdistance="1"/>
    <flag staticattack="90"/>
    <flag runonhealth="0"/>
  </flags>
  <attacks>
    <attack name="melee" interval="2000" skill="45" attack="41"/>
  </attacks>
  <defenses armor="20" defense="16"/>
  <immunities>
    <immunity physical="0"/>
    <immunity energy="0"/>
    <immunity fire="0"/>
    <immunity poison="0"/>
    <immunity lifedrain="0"/>
    <immunity paralyze="0"/>
    <immunity outfit="0"/>
    <immunity drunk="0"/>
    <immunity invisible="0"/>
  </immunities>
  <voices interval="5000" chance="10">
    <voice sentence="Hooooot-Toooooot!"/>
    <voice sentence="Tooooot."/>
    <voice sentence="Troooooot!"/>
  </voices>
  <loot>
    <item id="2148" countmax="25" chance1="100000" chancemax="0"/> -- gold coin
    <item id="2671" countmax="10" chance1="33333" chancemax="0"/> -- ham
    <item id="2666" countmax="15" chance1="33333" chancemax="0"/> -- meat
    <item id="2686" countmax="10" chance1="10000" chancemax="0"/> -- corncob
  </loot>
</monster>
