<?xml version="1.0" encoding="UTF-8"?>
<monster name="elf scout" nameDescription="a elf scout" race="blood" experience="75" speed="225" manacost="360">
  <health now="160" max="160"/>
  <look type="64" head="20" body="30" legs="40" feet="50" corpse="2981"/>
  <targetchange interval="5000" chance="8"/>
  <strategy attack="100" defense="0"/>
  <flags>
    <flag summonable="1"/>
    <flag attackable="1"/>
    <flag hostile="1"/>
    <flag illusionable="1"/>
    <flag convinceable="1"/>
    <flag pushable="0"/>
    <flag canpushitems="1"/>
    <flag canpushcreatures="0"/>
    <flag targetdistance="4"/>
    <flag staticattack="90"/>
    <flag runonhealth="0"/>
  </flags>
  <attacks>
    <attack name="melee" interval="2000" skill="25" attack="18"/>
    <attack name="physical" interval="1000" chance="25" range="7" min="-30" max="-60">
      <attribute key="shootEffect" value="arrow"/>
    </attack>
  </attacks>
  <defenses armor="7" defense="18"/>
  <immunities>
    <immunity physical="0"/>
    <immunity energy="0"/>
    <immunity fire="0"/>
    <immunity poison="0"/>
    <immunity lifedrain="0"/>
    <immunity paralyze="0"/>
    <immunity outfit="1"/>
    <immunity drunk="1"/>
    <immunity invisible="1"/>
  </immunities>
  <voices interval="5000" chance="10">
    <voice sentence="Tha'shi Ab'Dendriel!"/>
    <voice sentence="Feel the sting of my arrows!"/>
    <voice sentence="Thy blood will quench the soil's thirst!"/>
    <voice sentence="Evicor guide my arrow."/>
    <voice sentence="Your existence will end here!"/>
  </voices>
  <loot>
    <item id="2148" countmax="10" chance1="100000" chancemax="0"/> -- gold coin
    <item id="2544" countmax="10" chance1="50000" chancemax="0"/> -- arrow :: Atk 25
    <item id="2484" chance="10000"/> -- studded armor :: Arm 5
    <item id="2456" chance="10000"/> -- bow
    <item id="2681" chance="20000"/> -- grapes
    <item id="1987" chance="6666"> -- bag
      <inside>
        <item id="2148" countmax="5" chance1="80000" chancemax="0"/> -- gold coin
        <item id="2642" chance="5500"/> -- sandals
        <item id="2397" chance="4000"/> -- longsword :: Def 14 :: Atk 17
      </inside>
    </item>
  </loot>
</monster>
