<?xml version="1.0" encoding="UTF-8"?>
<monster name="gazer" nameDescription="a gazer" race="VENOM" experience="90" speed="240" manacost="0">
  <health now="120" max="120"/>
  <look type="109" head="20" body="30" legs="40" feet="50" corpse="3049"/>
  <targetchange interval="5000" chance="8"/>
  <strategy attack="100" defense="0"/>
  <flags>
    <flag summonable="0"/>
    <flag attackable="1"/>
    <flag hostile="1"/>
    <flag illusionable="1"/>
    <flag convinceable="0"/>
    <flag pushable="0"/>
    <flag canpushitems="1"/>
    <flag canpushcreatures="0"/>
    <flag targetdistance="4"/>
    <flag staticattack="90"/>
    <flag runonhealth="0"/>
  </flags>
  <attacks>
    <attack name="melee" interval="2000" skill="25" attack="9"/>
    <attack name="lifedrain" interval="1000" chance="12" range="7" min="-25" max="-35">
      <attribute key="areaEffect" value="redshimmer"/>
    </attack>
    <attack name="manadrain" interval="1000" chance="15" range="7" min="-5" max="-15">
      <attribute key="areaEffect" value="redshimmer"/>
    </attack>
  </attacks>
  <defenses armor="4" defense="15">
    <defense name="speed" interval="1000" chance="10" speedchange="320" duration="4000">
      <attribute key="areaEffect" value="redshimmer"/>
    </defense>
  </defenses>
  <immunities>
    <immunity physical="0"/>
    <immunity energy="0"/>
    <immunity fire="0"/>
    <immunity poison="1"/>
    <immunity lifedrain="1"/>
    <immunity paralyze="0"/>
    <immunity outfit="1"/>
    <immunity drunk="1"/>
    <immunity invisible="1"/>
  </immunities>
  <voices interval="5000" chance="10">
    <voice sentence="Mommy!?"/>
    <voice sentence="Buuuuhaaaahhaaaaa!"/>
    <voice sentence="Me need mana!"/>
  </voices>
  <loot>
    <item id="2148" countmax="30" chance1="100000" chancemax="0"/> -- gold coin
    <item id="2050" chance="20000"/> -- torch
    <item id="2483" chance="10000"/> -- scale armor :: Arm 9
    <item id="2473" chance="6666"/> -- viking helmet :: Arm 4
    <item id="2398" chance="20000"/> -- mace :: Def 11 :: Atk 16
    <item id="1987" chance="100000"> -- bag
      <inside>
        <item id="2460" chance="6666"/> -- brass helmet :: Arm 3
        <item id="2229" countmax="2" chance1="20000" chancemax="0"/> -- skull
        <item id="2403" chance="10000"/> -- knife :: Def 5 :: Atk 7
        <item id="2168" chance="2500"/> -- life ring
      </inside>
    </item>
  </loot>
</monster>
