<?xml version="1.0" encoding="UTF-8"?>
<monster name="general murius" nameDescription="the general Murius" race="blood" experience="1300" speed="240" manacost="0">
  <health now="1200" max="1200"/>
  <look type="202" head="20" body="30" legs="40" feet="50" corpse="5983"/>
  <targetchange interval="5000" chance="8"/>
  <strategy attack="100" defense="0"/>
  <flags>
    <flag summonable="0"/>
    <flag attackable="1"/>
    <flag hostile="1"/>
    <flag illusionable="0"/>
    <flag convinceable="0"/>
    <flag pushable="0"/>
    <flag canpushitems="1"/>
    <flag canpushcreatures="1"/>
    <flag targetdistance="1"/>
    <flag staticattack="90"/>
    <flag runonhealth="0"/>
  </flags>
  <attacks>
    <attack name="melee" interval="2000" skill="70" attack="55"/>
    <attack name="physical" interval="1000" chance="12" range="7" min="-50" max="-120">
      <attribute key="shootEffect" value="bolt"/>
    </attack>
    <attack name="physical" interval="1000" chance="10" radius="3" target="0" min="-50" max="-80">
      <attribute key="areaEffect" value="blackspark"/>
    </attack>
  </attacks>
  <defenses armor="16" defense="22">
    <defense name="healing" interval="1000" chance="15" min="50" max="100">
      <attribute key="areaEffect" value="redshimmer"/>
    </defense>
  </defenses>
  <immunities>
    <immunity physical="0"/>
    <immunity energy="0"/>
    <immunity fire="0"/>
    <immunity poison="0"/>
    <immunity lifedrain="1"/>
    <immunity paralyze="0"/>
    <immunity outfit="1"/>
    <immunity drunk="1"/>
    <immunity invisible="1"/>
  </immunities>
  <summons maxSummons="4">
    <summon name="minotaur archer" interval="1000" chance="15" max="2"/>
    <summon name="minotaur guard" interval="1000" chance="12" max="2"/>
  </summons>
  <voices interval="5000" chance="10">
    <voice sentence="Feel the power of the Mooh'Tah!"/>
    <voice sentence="You will get what you deserve!"/>
    <voice sentence="For the king!"/>
    <voice sentence="Guards!"/>
  </voices>
  <loot>
    <item id="2148" countmax="30" chance1="100000" chancemax="0"/> -- gold coin
    <item id="2410" countmax="2" chance1="50000" chancemax="0"/> -- throwing knife :: Atk 25
    <item id="2419" chance="10000"/> -- scimitar :: Def 13 :: Atk 19
    <item id="2510" chance="5000"/> -- plate shield :: Def 17
    <item id="2667" countmax="1" chance1="20000" chancemax="0"/> -- fish
    <item id="2647" chance="1818"/> -- plate legs :: Arm 7
    <item id="2413" chance="2857"/> -- broad sword :: Def 23 :: Atk 26
    <item id="1988" chance="2857"> -- backpack
      <inside>
        <item id="2148" countmax="1" chance1="2857" chancemax="0"/> -- gold coin
      </inside>
    </item>
    <item id="1987" chance="100000"> -- bag
      <inside>
        <item id="2207" chance="2000"/> -- sword ring
        <item id="2666" countmax="2" chance1="33333" chancemax="0"/> -- meat
        <item id="2379" chance="6666"/> -- dagger :: Def 6 :: Atk 8
        <item id="2475" chance="1000"/> -- warrior helmet :: Arm 8
        <item id="2397" chance="10000"/> -- longsword :: Def 14 :: Atk 17
        <item id="2652" chance="2500"/> -- green tunic :: Arm 1
        <item id="2478" chance="2857"/> -- brass legs :: Arm 5
        <item id="2463" chance="1818"/> -- plate armor :: Arm 10
      </inside>
    </item>
  </loot>
</monster>
