<?xml version="1.0" encoding="UTF-8"?>
<monster name="ghoul" nameDescription="a ghoul" race="blood" experience="85" speed="144" manacost="450">
  <health now="100" max="100"/>
  <look type="18" head="20" body="30" legs="40" feet="50" corpse="3113"/>
  <targetchange interval="2000" chance="0"/>
  <strategy attack="100" defense="0"/>
  <flags>
    <flag summonable="1"/>
    <flag attackable="1"/>
    <flag hostile="1"/>
    <flag illusionable="1"/>
    <flag convinceable="1"/>
    <flag pushable="0"/>
    <flag canpushitems="1"/>
    <flag canpushcreatures="0"/>
    <flag targetdistance="1"/>
    <flag staticattack="90"/>
    <flag runonhealth="0"/>
  </flags>
  <attacks>
    <attack name="melee" interval="2000" min="-0" max="-30"/>
    <attack name="lifedrain" interval="1000" chance="12" range="1" min="-15" max="-25"/>
  </attacks>
  <defenses armor="8" defense="17">
    <defense name="healing" interval="1000" chance="13" min="9" max="15">
      <attribute key="areaEffect" value="blueshimmer"/>
    </defense>
  </defenses>
  <immunities>
    <immunity physical="0"/>
    <immunity energy="0"/>
    <immunity fire="0"/>
    <immunity poison="1"/>
    <immunity lifedrain="1"/>
    <immunity paralyze="1"/>
    <immunity outfit="1"/>
    <immunity drunk="1"/>
    <immunity invisible="1"/>
  </immunities>
  <loot>
    <item id="2148" chance="50000" countmax="50"/><!-- 50 50% gold coin -->
    <item id="2148" countmax="64" chance1="100000" chancemax="0"/> -- gold coin
    <item id="2148" countmax="30" chance1="100000" chancemax="0"/> -- gold coin
    <item id="2050" chance="20000"/> -- torch
    <item id="2483" chance="10000"/> -- scale armor :: Arm 9
    <item id="2473" chance="6666"/> -- viking helmet :: Arm 4
    <item id="2398" chance="20000"/> -- mace :: Def 11 :: Atk 16
    <item id="1987" chance="100000"> -- bag
      <inside>
        <item id="2460" chance="6666"/> -- brass helmet :: Arm 3
        <item id="2229" countmax="2" chance1="20000" chancemax="0"/> -- skull
        <item id="2403" chance="10000"/> -- knife :: Def 5 :: Atk 7
        <item id="2168" chance="2500"/> -- life ring
      </inside>
    </item>
  </loot>
</monster>
