<?xml version="1.0" encoding="UTF-8"?>
<monster name="giant spider" nameDescription="a giant spider" race="VENOM" experience="900" speed="280" manacost="0">
  <health now="1300" max="1300"/>
  <look type="38" head="0" body="0" legs="0" feet="0" corpse="2857"/>
  <targetchange interval="5000" chance="8"/>
  <strategy attack="100" defense="0"/>
  <flags>
    <flag summonable="0"/>
    <flag attackable="1"/>
    <flag hostile="1"/>
    <flag illusionable="0"/>
    <flag convinceable="0"/>
    <flag pushable="0"/>
    <flag canpushitems="1"/>
    <flag canpushcreatures="1"/>
    <flag targetdistance="1"/>
    <flag staticattack="90"/>
    <flag runonhealth="0"/>
  </flags>
  <attacks>
    <attack name="melee" interval="2000" min="-80" max="-220"/>
    <attack name="poisonfield" interval="1000" chance="17" range="7" radius="1" target="1">
      <attribute key="shootEffect" value="poison"/>
    </attack>
  </attacks>
  <defenses armor="20" defense="20">
    <defense name="speed" interval="1000" chance="6" speedchange="310" duration="20000">
      <attribute key="areaEffect" value="redshimmer"/>
    </defense>
  </defenses>
  <immunities>
    <immunity physical="0"/>
    <immunity energy="0"/>
    <immunity fire="0"/>
    <immunity poison="1"/>
    <immunity lifedrain="1"/>
    <immunity paralyze="0"/>
    <immunity outfit="1"/>
    <immunity drunk="1"/>
    <immunity invisible="1"/>
  </immunities>
  <summons maxSummons="2">
    <summon name="poison spider" interval="1000" chance="30" max="2"/>
  </summons>
  <loot>
    <item id="2169" chance="700"/> -- time ring
    <item id="2148" countmax="50" chance1="100000" chancemax="0"/> -- gold coin
    <item id="2463" chance="4000"/> -- plate armor :: Arm 10
    <item id="2171" chance="400"/> -- platinum amulet :: Arm 2
    <item id="2459" chance="20000"/> -- iron helmet :: Arm 5
    <item id="1987" chance="100000"> -- bag
      <inside>
        <item id="2148" countmax="40" chance1="100000" chancemax="0"/> -- gold coin
        <item id="2457" chance="5000"/> -- steel helmet :: Arm 6
        <item id="2476" chance="700"/> -- knight armor :: Arm 12
        <item id="2477" chance="500"/> -- knight legs :: Arm 8
        <item id="2478" chance="10000"/> -- brass legs :: Arm 5
        <item id="2169" chance="800"/> -- time ring
      </inside>
    </item>
  </loot>
</monster>
