<?xml version="1.0" encoding="UTF-8"?>
<monster name="grorlam" nameDescription="Grorlam" race="blood" experience="290" speed="240" manacost="0">
  <health now="310" max="310"/>
  <look type="205" head="20" body="30" legs="40" feet="50" corpse="2952"/>
  <targetchange interval="5000" chance="8"/>
  <strategy attack="100" defense="0"/>
  <flags>
    <flag summonable="0"/>
    <flag attackable="1"/>
    <flag hostile="1"/>
    <flag illusionable="0"/>
    <flag convinceable="0"/>
    <flag pushable="0"/>
    <flag canpushitems="1"/>
    <flag canpushcreatures="1"/>
    <flag targetdistance="1"/>
    <flag staticattack="90"/>
    <flag runonhealth="0"/>
  </flags>
  <attacks>
    <attack name="melee" interval="2000" skill="75" attack="60"/>
    <attack name="physical" interval="1000" chance="15" range="7" min="-150" max="-200">
      <attribute key="shootEffect" value="largerock"/>
    </attack>
  </attacks>
  <defenses armor="15" defense="25">
    <defense name="healing" interval="1000" chance="25" min="100" max="150">
      <attribute key="areaEffect" value="blueshimmer"/>
    </defense>
    <defense name="speed" interval="1000" chance="6" speedchange="270" duration="6000">
      <attribute key="areaEffect" value="redshimmer"/>
    </defense>
  </defenses>
  <immunities>
    <immunity physical="0"/>
    <immunity energy="0"/>
    <immunity fire="1"/>
    <immunity poison="1"/>
    <immunity lifedrain="0"/>
    <immunity paralyze="1"/>
    <immunity outfit="0"/>
    <immunity drunk="0"/>
    <immunity invisible="0"/>
  </immunities>
  <loot>
    <item id="2148" countmax="20" chance1="100000" chancemax="0"/> -- gold coin
    <item id="2483" chance="10000"/> -- scale armor :: Arm 9
    <item id="1987" chance="100000"> -- bag
      <inside>
        <item id="1295" chance="10000"/> -- stone
        <item id="1294" countmax="5" chance1="20000" chancemax="0"/> -- small stone :: Atk 5
        <item id="2395" chance="2500"/> -- carlin sword :: Def 13 :: Atk 15
        <item id="2050" chance="20000"/> -- torch
        <item id="2580" chance="5000"/> -- fishing rod
      </inside>
    </item>
  </loot>
</monster>
