<?xml version="1.0" encoding="UTF-8"?>
<monster name="Hellfire Fighter" nameDescription="a hellfire fighter" race="fire" experience="3900" speed="260" manacost="0">
	<health now="3800" max="3800"/>
	<look type="49" corpse="6324"/>
	<targetchange interval="5000" chance="8"/>
	<strategy attack="100" defense="0"/>
	<flags>
		<flag summonable="0"/>
		<flag attackable="1"/>
		<flag hostile="1"/>
		<flag illusionable="1"/>
		<flag convinceable="0"/>
		<flag pushable="0"/>
		<flag canpushitems="1"/>
		<flag canpushcreatures="1"/>
		<flag targetdistance="1"/>
		<flag staticattack="90"/>
		<flag runonhealth="0"/>
	</flags>
	<attacks>
		<attack name="melee" interval="2000" skill="120" attack="80"/>
		<attack name="firefield" interval="2000" chance="20" target="0" radius="3"/>
		<attack name="fire" interval="2000" chance="25" length="8" spread="3" min="-250" max="-500"/>
		<attack name="fire" interval="2000" chance="30" radius="3" target="0" min="-60" max="-330">
		<attribute key="areaEffect" value="firearea"/>
		</attack>
	</attacks>
	<defenses armor="25" defense="25"/>
	<elements>
		<element firePercent="100"/>
		<element energyPercent="40"/>
		<element physicalPercent="24"/>
		<element deathPercent="22"/>
		<element icePercent="-20"/>
	</elements>
	<immunities>
		<immunity paralyze="1"/>
		<immunity invisible="1"/>
	</immunities>
	<loot>
    <item id="2148" countmax="100" chance="40750" /><!-- gold coin -->
    <item id="2148" countmax="100" chance="40750" /><!-- gold coin -->
    <item id="2148" countmax="43" chance="40750" /><!-- gold coin -->
    <item id="6500" chance="16050" /><!-- demonic essence -->
    <item id="2239" chance="50225" /><!-- burnt scroll -->
    <item id="2187" chance="9725" /><!-- wand of inferno -->
    <item id="5944" chance="12050" /><!-- soul orb -->
    <item id="2260" countmax="2" chance="22875" /><!-- blank rune -->
    <item id="10552" chance="10625" /><!-- fiery heart -->
    <item id="2432" chance="1150" /><!-- fire axe -->
    <item id="2392" chance="4200" /><!-- fire sword -->
    <item id="1987" chance="100000"><!-- bag -->
        <inside>
            <item id="2127" chance="2525" /><!-- emerald bangle -->
            <item id="2145" chance="2250" /><!-- small diamond -->
            <item id="10580" chance="5350" /><!-- piece of hellfire armor -->
            <item id="7894" chance="1250" /><!-- magma legs -->
            <item id="2152" chance="1525" /><!-- platinum coin -->
            <item id="7899" chance="1200" /><!-- magma coat -->
            <item id="2136" chance="700" /><!-- demonbone amulet -->
        </inside>
    </item>
</loot>




















</monster>
