<?xml version="1.0" encoding="UTF-8"?>
<monster name="Lich" nameDescription="a lich" race="UNDEAD" experience="1400" speed="320" manacost="0">
  <health now="880" max="880"/>
  <look type="99" head="95" body="116" legs="119" feet="115" corpse="3025"/>
  <targetchange interval="5000" chance="8"/>
  <strategy attack="100" defense="0"/>
  <flags>
    <flag summonable="0"/>
    <flag attackable="1"/>
    <flag hostile="1"/>
    <flag illusionable="0"/>
    <flag convinceable="0"/>
    <flag pushable="0"/>
    <flag canpushitems="1"/>
    <flag canpushcreatures="1"/>
    <flag targetdistance="1"/>
    <flag staticattack="90"/>
    <flag runonhealth="0"/>
  </flags>
  <attacks>
    <attack name="melee" interval="2000" min="-30" max="-100"/>
    <attack name="lifedrain" interval="3000" chance="4" range="1" min="-50" max="-250">
      <attribute key="areaEffect" value="blueshimmer"/>
    </attack>
    <attack name="speed" interval="4000" chance="15" range="7" speedchange="-600" duration="30000">
      <attribute key="areaEffect" value="redshimmer"/>
    </attack>
    <attack name="lifedrain" interval="1000" chance="17" radius="3" target="0" min="-120" max="-200">
      <attribute key="areaEffect" value="redshimmer"/>
    </attack>
    <attack name="lifedrain" interval="2000" chance="9" length="8" spread="0" min="-100" max="-200">
      <attribute key="areaEffect" value="redshimmer"/>
    </attack>
    <attack name="poisoncondition" interval="3000" chance="9" length="8" spread="0" min="-300" max="-400">
      <attribute key="areaEffect" value="greenspark"/>
    </attack>
  </attacks>
  <defenses armor="20" defense="20">
    <defense name="healing" interval="1000" chance="17" min="50" max="150">
      <attribute key="areaEffect" value="redshimmer"/>
    </defense>
  </defenses>
  <immunities>
    <immunity physical="0"/>
    <immunity energy="0"/>
    <immunity fire="1"/>
    <immunity poison="1"/>
    <immunity lifedrain="1"/>
    <immunity paralyze="1"/>
    <immunity outfit="1"/>
    <immunity drunk="1"/>
    <immunity invisible="1"/>
  </immunities>
  <summons maxSummons="4">
    <summon name="bonebeast" interval="1000" chance="17" max="4"/>
  </summons>
  <voices interval="5000" chance="10">
    <voice sentence="Doomed be the living!"/>
    <voice sentence="You will endure agony beyond thy death!"/>
    <voice sentence="Death awaits all!"/>
    <voice sentence="Thy living flesh offends me!"/>
    <voice sentence="Death and Decay!"/>
  </voices>
  <loot>
 	<item id="2148" countmax="100" chance1="100000" chancemax="0"/> -- gold coin
 	<item id="2401" chance="10000"/> -- staff :: Def 25 :: Atk 10
 	<item id="2171" chance="1666"/> -- platinum amulet :: Arm 2
 	<item id="2656" chance="709"/> -- blue robe :: Arm 11
 	<item id="2144" countmax="6" chance1="6666" chancemax="0"/>  black pear -- black pearl

 	<item id="1987" chance="100000"> -- bag
 	<inside>
 	<item id="2535" chance="588"/> -- castle shield :: Def 28
 	<item id="2165" chance="888"/> -- stealth ring
 	<item id="2143" countmax="4" chance1="4000" chancemax="0"/>  white pear -- white pearl
 	<item id="2237" chance="10000"/> -- dirty cape
 	<item id="2148" countmax="12" chance1="80000" chancemax="0"/> -- gold coin
 	<item id="2175" chance="10000"/> -- spellbook :: Def 14
 	<item id="2179" chance="900"/> -- gold ring
      </inside>
    </item>
  </loot>
</monster>
