<?xml version="1.0" encoding="UTF-8"?>
<monster name="lion" nameDescription="a lion" race="blood" experience="30" speed="180" manacost="320">
  <health now="80" max="80"/>
  <look type="41" head="20" body="30" legs="40" feet="50" corpse="2889"/>
  <targetchange interval="5000" chance="8"/>
  <strategy attack="100" defense="0"/>
  <flags>
    <flag summonable="1"/>
    <flag attackable="1"/>
    <flag hostile="1"/>
    <flag illusionable="1"/>
    <flag convinceable="1"/>
    <flag pushable="0"/>
    <flag canpushitems="0"/>
    <flag canpushcreatures="0"/>
    <flag targetdistance="1"/>
    <flag staticattack="90"/>
    <flag runonhealth="10"/>
  </flags>
  <attacks>
    <attack name="melee" interval="2000" skill="32" attack="20"/>
  </attacks>
  <defenses armor="6" defense="13"/>
  <immunities>
    <immunity physical="0"/>
    <immunity energy="0"/>
    <immunity fire="0"/>
    <immunity poison="0"/>
    <immunity lifedrain="0"/>
    <immunity paralyze="0"/>
    <immunity outfit="0"/>
    <immunity drunk="0"/>
    <immunity invisible="0"/>
  </immunities>
  <voices interval="5000" chance="10">
    <voice sentence="Grrrrh"/>
  </voices>
  <loot>
    <item id="2671" countmax="3" chance1="80000" chancemax="0"/> -- ham
    <item id="2671" countmax="2" chance1="80000" chancemax="0"/> -- ham
  </loot>
</monster>
