<?xml version="1.0" encoding="UTF-8"?>
<monster name="lizard snakecharmer" nameDescription="a lizard snakecharmer" race="blood" experience="210" speed="200" manacost="0">
  <health now="325" max="325"/>
  <look type="115" head="20" body="30" legs="40" feet="50" corpse="4262"/>
  <targetchange interval="5000" chance="8"/>
  <strategy attack="100" defense="0"/>
  <flags>
    <flag summonable="0"/>
    <flag attackable="1"/>
    <flag hostile="1"/>
    <flag illusionable="1"/>
    <flag convinceable="0"/>
    <flag pushable="1"/>
    <flag canpushitems="1"/>
    <flag canpushcreatures="0"/>
    <flag targetdistance="4"/>
    <flag staticattack="90"/>
    <flag runonhealth="15"/>
  </flags>
  <attacks>
    <attack name="melee" interval="2000" skill="28" attack="18"/>
    <attack name="poisoncondition" interval="1000" chance="12" range="7" min="-50" max="-90">
      <attribute key="shootEffect" value="poison"/>
      <attribute key="areaEffect" value="poison"/>
    </attack>
    <attack name="poison" interval="1000" chance="17" range="7" radius="1" target="1" min="-50" max="-100">
      <attribute key="shootEffect" value="poison"/>
      <attribute key="areaEffect" value="greenbubble"/>
    </attack>
  </attacks>
  <defenses armor="17" defense="15">
    <defense name="healing" interval="1000" chance="34" min="50" max="100">
      <attribute key="areaEffect" value="blueshimmer"/>
    </defense>
  </defenses>
  <immunities>
    <immunity physical="0"/>
    <immunity energy="0"/>
    <immunity fire="0"/>
    <immunity poison="1"/>
    <immunity lifedrain="0"/>
    <immunity paralyze="0"/>
    <immunity outfit="1"/>
    <immunity drunk="1"/>
    <immunity invisible="1"/>
  </immunities>
  <summons maxSummons="2">
    <summon name="cobra" interval="1000" chance="3000"/>
  </summons>
  <voices interval="5000" chance="10">
    <voice sentence="I ssssmell warm blood!"/>
    <voice sentence="Shhhhhhhh"/>
  </voices>
  <loot>
    <item id="2148" countmax="100" chance1="100000" chancemax="0"/> -- gold coin
    <item id="2148" countmax="25" chance1="100000" chancemax="0"/> -- gold coin
    <item id="2154" chance="555"/> -- yellow gem
    <item id="2191" chance="400"/> -- wand of dragonbreath
    <item id="2182" chance="1333" /> -- snakebite rod
    <item id="1987" chance="100000"> -- bag
      <inside>
        <item id="2181" chance="1333" /> -- quagmire rod
        <item id="2148" countmax="50" chance1="100000" chancemax="0"/> -- gold coin
        <item id="2150" countmax="4" chance1="4000" chancemax="0"/> -- small amethyst
        <item id="2654" chance="20000"/> -- cape :: Arm 1
      </inside>
    </item>
  </loot>
</monster>
