<?xml version="1.0" encoding="UTF-8"?>
<monster name="mahrdis" nameDescription="a mahrdis" race="UNDEAD" experience="2800" speed="340" manacost="0">
  <health now="3900" max="3900"/>
  <look type="90" head="20" body="30" legs="40" feet="50" corpse="3016"/>
  <targetchange interval="5000" chance="8"/>
  <strategy attack="100" defense="0"/>
  <flags>
    <flag summonable="0"/>
    <flag attackable="1"/>
    <flag hostile="1"/>
    <flag illusionable="0"/>
    <flag convinceable="0"/>
    <flag pushable="0"/>
    <flag canpushitems="1"/>
    <flag canpushcreatures="1"/>
    <flag targetdistance="1"/>
    <flag staticattack="90"/>
    <flag runonhealth="0"/>
  </flags>
  <attacks>
    <attack name="melee" interval="2000" min="-100" max="-400" poison="65"/>

    <attack name="physical" interval="1600" chance="7" range="1" min="-60" max="-600"/>
	    <attribute key="areaEffect" value="redshimmer"/>	

    <attack name="fire" interval="1000" chance="7" range="7" min="-60" max="-600">
      <attribute key="shootEffect" value="fire"/>
      <attribute key="areaEffect" value="firearea"/>
    </attack>

    <attack name="speed" interval="2000" chance="13" range="7" speedchange="-850" duration="50000">
      <attribute key="areaEffect" value="redshimmer"/>
    </attack>

    <attack name="fire" interval="2000" chance="34" radius="3" target="0" min="-80" max="-800">
      <attribute key="areaEffect" value="explosionarea"/>
    </attack>

    <attack name="firefield" interval="1000" chance="12" radius="4" target="0">
      <attribute key="areaEffect" value="yellowspark"/>
    </attack>

    <attack name="firecondition" interval="2000" chance="13" length="8" spread="3" min="-50" max="-500">
      <attribute key="areaEffect" value="explosion"/>
    </attack>

  </attacks>
  <defenses armor="20" defense="30">
    <defense name="healing" interval="1000" chance="20" min="20" max="800">
      <attribute key="areaEffect" value="blueshimmer"/>
    </defense>
  </defenses>
  <immunities>
    <immunity physical="0"/>
    <immunity energy="0"/>
    <immunity fire="1"/>
    <immunity poison="1"/>
    <immunity lifedrain="1"/>
    <immunity paralyze="1"/>
    <immunity outfit="1"/>
    <immunity drunk="1"/>
    <immunity invisible="1"/>
  </immunities>
  <summons maxSummons="4">
    <summon name="fire elemental" interval="2000" chance="3000"/>
  </summons>
  <voices interval="5000" chance="10">
    <voice sentence="Ashes to ashes!"/>
    <voice sentence="Fire, Fire!"/>
    <voice sentence="The eternal flame demands its due!"/>
    <voice sentence="Burnnnnnnnnn!"/>
    <voice sentence="May my flames engulf you!"/>
  </voices>
  <loot>
    <item id="2148" countmax="100" chance1="100000" chancemax="0"/> -- gold coin
    <item id="2176" chance="2000"/> -- orb
    <item id="2444" chance="220"/> -- hammer of wrath :: Def 12 :: Atk 48
    <item id="2148" countmax="100" chance1="100000" chancemax="0"/> -- gold coin
    <item id="1987" chance="100000"> -- bag
      <inside>
        <item id="2148" countmax="70" chance1="100000" chancemax="0"/> -- gold coin
        <item id="2550" chance="10000"/> -- scythe :: Def 3 :: Atk 8
        <item id="2688" countmax="5" chance1="4000" chancemax="0"/> -- candy cane
        <item id="2540" chance="900"/> -- scarab shield :: Def 25
        <item id="2539" chance="200"/> -- phoenix shield :: Def 34
        <item id="2533" chance="400"/> -- griffin shield :: Def 29
        <item id="2486" chance="300"/> -- noble armor :: Arm 11
        <item id="2658" chance="100"/> -- white dress
        <item id="2189" chance="800"/> -- wand of cosmic energy
        <item id="2147" countmax="2" chance1="4000" chancemax="0"/> -- small ruby
        <item id="2678" countmax="4" chance1="4000" chancemax="0"/> -- coconut
        <item id="2148" countmax="100" chance1="100000" chancemax="0"/> -- gold coin
        <item id="2690" countmax="4" chance1="4000" chancemax="0"/> -- roll
      </inside>
    </item>
  </loot>
</monster>
