<?xml version="1.0" encoding="UTF-8"?>
<monster name="minotaur guard" nameDescription="a minotaur guard" race="blood" experience="160" speed="190" manacost="550">
  <health now="185" max="185"/>
  <look type="29" head="20" body="30" legs="40" feet="50" corpse="2876"/>
  <targetchange interval="5000" chance="8"/>
  <strategy attack="100" defense="0"/>
  <flags>
    <flag summonable="1"/>
    <flag attackable="1"/>
    <flag hostile="1"/>
    <flag illusionable="1"/>
    <flag convinceable="1"/>
    <flag pushable="0"/>
    <flag canpushitems="1"/>
    <flag canpushcreatures="1"/>
    <flag targetdistance="1"/>
    <flag staticattack="90"/>
    <flag runonhealth="0"/>
  </flags>
  <attacks>
    <attack name="melee" interval="2000" skill="50" attack="35"/>
  </attacks>
  <defenses armor="15" defense="25"/>
  <immunities>
    <immunity physical="0"/>
    <immunity energy="0"/>
    <immunity fire="0"/>
    <immunity poison="0"/>
    <immunity lifedrain="0"/>
    <immunity paralyze="0"/>
    <immunity outfit="0"/>
    <immunity drunk="0"/>
    <immunity invisible="0"/>
  </immunities>
  <voices interval="5000" chance="10">
    <voice sentence="Kirll Karrrl!"/>
    <voice sentence="Kaplar!"/>
  </voices>
  <loot>
    <item id="2148" chance="50000" countmax="50"/><!-- 50 50% gold coin -->
    <item id="2148" countmax="20" chance1="100000" chancemax="0"/> -- gold coin
    <item id="2666" countmax="3" chance1="70000" chancemax="0"/> -- meat
    <item id="2387" chance="5000"/> -- double axe :: Def 12 :: Atk 35
    <item id="2649" chance="10000"/> -- leather legs :: Arm 1
    <item id="1987" chance="100000"> -- bag
      <inside>
        <item id="2386" chance="6666"/> -- axe :: Def 6 :: Atk 12
        <item id="2580" chance="5000"/> -- fishing rod
        <item id="2648" chance="5000"/> -- chain legs :: Arm 3
        <item id="2458" chance="10000"/> -- chain helmet :: Arm 2
        <item id="2465" chance="2500"/> -- brass armor :: Arm 8
        <item id="2513" chance="10000"/> -- battle shield :: Def 23
      </inside>
    </item>
  </loot>
</monster>
