<?xml version="1.0" encoding="UTF-8"?>
<monster name="minotaur" nameDescription="a minotaur" race="blood" experience="50" speed="170" manacost="330">
  <health now="100" max="100"/>
  <look type="25" head="20" body="30" legs="40" feet="50" corpse="2830"/>
  <targetchange interval="2000" chance="0"/>
  <strategy attack="100" defense="0"/>
  <flags>
    <flag summonable="1"/>
    <flag attackable="1"/>
    <flag hostile="1"/>
    <flag illusionable="1"/>
    <flag convinceable="1"/>
    <flag pushable="1"/>
    <flag canpushitems="0"/>
    <flag canpushcreatures="0"/>
    <flag targetdistance="1"/>
    <flag staticattack="90"/>
    <flag runonhealth="0"/>
  </flags>
  <attacks>
    <attack name="melee" interval="2000" skill="25" attack="15"/>
  </attacks>
  <defenses armor="11" defense="11"/>
  <immunities>
    <immunity physical="0"/>
    <immunity energy="0"/>
    <immunity fire="0"/>
    <immunity poison="0"/>
    <immunity lifedrain="0"/>
    <immunity paralyze="0"/>
    <immunity outfit="0"/>
    <immunity drunk="0"/>
    <immunity invisible="0"/>
  </immunities>
  <voices interval="5000" chance="10">
    <voice sentence="kaplar!"/>
  </voices>
  <loot>
    <item id="2148" chance="50000" countmax="50"/><!-- 50 50% gold coin -->
    <item id="2148" countmax="28" chance1="100000" chancemax="0"/> -- gold coin
    <item id="2464" chance="10000"/> -- chain armor :: Arm 6
    <item id="2386" chance="10000"/> -- axe :: Def 6 :: Atk 12
    <item id="2649" chance="10000"/> -- leather legs :: Arm 1
    <item id="2554" chance="10000"/> -- shovel
    <item id="1987" chance="100000"> -- bag
      <inside>
        <item id="2458" chance="10000"/> -- chain helmet :: Arm 2
        <item id="2148" countmax="5" chance1="20000" chancemax="0"/> -- gold coin
        <item id="2460" chance="10000"/> -- brass helmet :: Arm 3
        <item id="2510" chance="10000"/> -- plate shield :: Def 17
        <item id="2398" chance="10000"/> -- mace :: Def 11 :: Atk 16
        <item id="2172" chance="2500"/> -- bronze amulet
      </inside>
    </item>
  </loot>
</monster>
