<?xml version="1.0" encoding="UTF-8"?>
<monster name="minotaur archer" nameDescription="a minotaur archer" race="blood" experience="65" speed="170" manacost="390">
  <health now="100" max="100"/>
  <look type="24" head="20" body="30" legs="40" feet="50" corpse="2871"/>
  <targetchange interval="5000" chance="8"/>
  <strategy attack="100" defense="0"/>
  <flags>
    <flag summonable="1"/>
    <flag attackable="1"/>
    <flag hostile="1"/>
    <flag illusionable="1"/>
    <flag convinceable="1"/>
    <flag pushable="0"/>
    <flag canpushitems="0"/>
    <flag canpushcreatures="0"/>
    <flag targetdistance="4"/>
    <flag staticattack="90"/>
    <flag runonhealth="10"/>
  </flags>
  <attacks>
    <attack name="melee" interval="2000" skill="20" attack="15"/>
    <attack name="physical" interval="2000" chance="34" range="7" min="-0" max="-55">
      <attribute key="shootEffect" value="bolt"/>
    </attack>
  </attacks>
  <defenses armor="7" defense="8"/>
  <immunities>
    <immunity physical="0"/>
    <immunity energy="0"/>
    <immunity fire="0"/>
    <immunity poison="0"/>
    <immunity lifedrain="0"/>
    <immunity paralyze="0"/>
    <immunity outfit="0"/>
    <immunity drunk="0"/>
    <immunity invisible="0"/>
  </immunities>
  <voices interval="5000" chance="10">
    <voice sentence="Ruan Wihmpy!"/>
    <voice sentence="Kaplar!"/>
  </voices>
  <loot>
    <item id="2148" chance="50000" countmax="50"/><!-- 50 50% gold coin -->
    <item id="2148" countmax="28" chance1="100000" chancemax="0"/> -- gold coin
    <item id="2543" countmax="18" chance1="70000" chancemax="0"/> -- bolt :: Atk 35
    <item id="2666" countmax="3" chance1="50000" chancemax="0"/> -- meat
    <item id="2483" chance="10000"/> -- scale armor :: Arm 9
    <item id="2481" chance="6666"/> -- soldier helmet :: Arm 5
    <item id="1987" chance="100000"> -- bag
      <inside>
        <item id="2455" chance="6666"/> -- crossbow
        <item id="2465" chance="5000"/> -- brass armor :: Arm 8
        <item id="2464" chance="10000"/> -- chain armor :: Arm 6
        <item id="2648" chance="4000"/> -- chain legs :: Arm 3
        <item id="2458" chance="10000"/> -- chain helmet :: Arm 2
      </inside>
    </item>
  </loot>
</monster>
