<?xml version="1.0"?>
<monsters>

  <!-- yalahar -->
  <monster name="Seagull" file="yalahar/seagull.xml"/>
  <monster name="Cat" file="yalahar/cat.xml"/>
  <monster name="Nightstalker" file="yalahar/nightstalker.xml"/>
  <monster name="Gozzler" file="yalahar/gozzler.xml"/>

  <monster name="Werewolf" file="yalahar/werewolf.xml"/>
  <monster name="Charged Energy Elemental" file="yalahar/charged energy elemental.xml"/>
  <monster name="Energy Elemental" file="yalahar/energy elemental.xml"/>
  <monster name="Energy Overlord" file="yalahar/energy overlord.xml"/>
  <monster name="Massive Energy Elemental" file="yalahar/massive energy elemental.xml"/>
  <monster name="Overcharged Energy Elemental" file="yalahar/overcharged energy elemental.xml"/>

  <monster name="Frost Troll" file="yalahar/frost troll.xml"/>
  <monster name="Island Troll" file="yalahar/island troll.xml"/>
  <monster name="Troll Champion" file="yalahar/troll champion.xml"/>

  <monster name="Crazed Beggar" file="yalahar/crazed beggar.xml"/>
  <monster name="Gang Member" file="yalahar/gang member.xml"/>
  <monster name="Gladiator" file="yalahar/gladiator.xml"/>
  <monster name="Nomad" file="yalahar/nomad.xml"/>
  <monster name="Poacher" file="yalahar/poacher.xml"/>
  <monster name="Primitive" file="yalahar/primitive.xml"/>

  <monster name="Cyclops Drone" file="yalahar/cyclops drone.xml"/>
  <monster name="Cyclops Smith" file="yalahar/cyclops smith.xml"/>

  <monster name="Hellspawn" file="yalahar/hellspawn.xml"/>
  <monster name="Haunted Treeling" file="yalahar/haunted treeling.xml"/>

  <monster name="Nightmare Scion" file="yalahar/nightmare scion.xml"/>

  <monster name="Frost Dragon" file="yalahar/frost dragon.xml"/>
  <monster name="Frost Dragon Hatchling" file="yalahar/frost dragon hatchling.xml"/>

  <monster name="Rift Worm" file="yalahar/rift worm.xml"/>
  <monster name="Rift Scythe" file="yalahar/rift scythe.xml"/>
  <monster name="Rift Brood" file="yalahar/rift brood.xml"/>

  <monster name="Damaged Worker Golem" file="yalahar/damaged worker golem.xml"/>
  <monster name="Earth Elemental" file="yalahar/earth elemental.xml"/>
  <monster name="Earth Overlord" file="yalahar/earth overlord.xml"/>
  <monster name="Jagged Earth Elemental" file="yalahar/jagged earth elemental.xml"/>
  <monster name="Massive Earth Elemental" file="yalahar/massive earth elemental.xml"/>
  <monster name="Muddy Earth Elemental" file="yalahar/muddy earth elemental.xml"/>
  <monster name="War Golem" file="yalahar/war golem.xml"/>
  <monster name="Worker Golem" file="yalahar/worker golem.xml"/>

  <monster name="Carrion Worm" file="yalahar/carrion worm.xml"/>

  <monster name="Skeleton Warrior" file="yalahar/skeleton warrior.xml"/>
  <monster name="Undead Gladiator" file="yalahar/undead gladiator.xml"/>

  <monster name="Quara Constrictor" file="yalahar/quara constrictor.xml"/>
  <monster name="Quara Constrictor Scout" file="yalahar/quara constrictor scout.xml"/>

  <monster name="Quara Hydromancer Scout" file="yalahar/quara hydromancer scout.xml"/>
  <monster name="Quara Mantassin" file="yalahar/quara mantassin.xml"/>
  <monster name="Quara Mantassin Scout" file="yalahar/quara mantassin scout.xml"/>

  <monster name="Quara Pincher Scout" file="yalahar/quara pincher scout.xml"/>

  <monster name="Quara Predator Scout" file="yalahar/quara predator scout.xml"/>

  <!-- Goblins -->
  <monster name="Goblin Assassin" file="yalahar/goblin assassin.xml"/>
  <monster name="Goblin Leader" file="yalahar/goblin leader.xml"/>
  <monster name="Goblin Scavenger" file="yalahar/goblin scavenger.xml"/>
  <monster name="Grynch Clan Goblin" file="yalahar/grynch clan goblin.xml"/>


  <monster name="Wyvern" file="yalahar/wyvern.xml"/>
  <monster name="Wyrm" file="yalahar/wyrm.xml"/>
  <monster name="Dragon Lord Hatchling" file="yalahar/dragon lord hatchling.xml"/>
  <monster name="Dragon Hatchling" file="yalahar/dragon hatchling.xml"/>


<!-- yalahar -->
  <monster name="Dark Apprentice" file="yalahar/dark apprentice.xml"/>
  <monster name="Dark Magician" file="yalahar/dark magician.xml"/>
  <monster name="Ice Witch" file="yalahar/ice witch.xml"/>
  <monster name="Infernalist" file="yalahar/infernalist.xml"/>
  <monster name="Mad Scientist" file="yalahar/mad scientist.xml"/>


  <monster name="Grim Reaper" file="yalahar/grim reaper.xml"/>
  <monster name="Vampire Bride" file="yalahar/vampire bride.xml"/>
  <monster name="Zombie" file="yalahar/zombie.xml"/>


  <!-- yalahar -->
  <monster name="Acolyte of the Cult" file="yalahar/acolyte of the cult.xml"/>
  <monster name="Adept of the Cult" file="yalahar/adept of the cult.xml"/>
  <monster name="Enlightened of the Cult" file="yalahar/enlightened of the cult.xml"/>
  <monster name="Novice of the Cult" file="yalahar/novice of the cult.xml"/>

  <!-- yalahar -->
  <monster name="Barbarian Bloodwalker" file="yalahar/barbarian bloodwalker.xml"/>
  <monster name="Barbarian Brutetamer" file="yalahar/barbarian brutetamer.xml"/>
  <monster name="Barbarian Headsplitter" file="yalahar/barbarian headsplitter.xml"/>
  <monster name="Barbarian Skullhunter" file="yalahar/barbarian skullhunter.xml"/>

    <!-- yalahar -->
  <monster name="Acid Blob" file="yalahar/acid blob.xml"/>
  <monster name="Death Blob" file="yalahar/death blob.xml"/>
  <monster name="Mercury Blob" file="yalahar/mercury blob.xml"/>

    <!-- yalahar -->
  <monster name="Mutated Bat" file="yalahar/mutated bat.xml"/>
  <monster name="Mutated Human" file="yalahar/mutated human.xml"/>
  <monster name="Mutated Rat" file="yalahar/mutated rat.xml"/>
  <monster name="Mutated Tiger" file="yalahar/mutated tiger.xml"/>


  <!-- yalahar -->
  <monster name="Pirate Buccaneer" file="yalahar/pirate buccaneer.xml"/>
  <monster name="Pirate Corsair" file="yalahar/pirate corsair.xml"/>
  <monster name="Pirate Cutthroat" file="yalahar/pirate cutthroat.xml"/>
  <monster name="Pirate Ghost" file="yalahar/pirate ghost.xml"/>
  <monster name="Pirate Marauder" file="yalahar/pirate marauder.xml"/>
  <monster name="Pirate Skeleton" file="yalahar/pirate skeleton.xml"/>

    <!-- yalahar -->
  <monster name="Thornback Tortoise" file="yalahar/thornback tortoise.xml"/>
  <monster name="Tortoise" file="yalahar/tortoise.xml"/>

  <monster name="Bog Raider" file="yalahar/bog raider.xml"/>


<!-- inq -->
	<monster name="Ushuriel" file="inquisition/ushuriel.xml"/>
	<monster name="Annihilon" file="inquisition/annihilon.xml"/>
	<monster name="Golgordan" file="inquisition/golgordan.xml"/>
	<monster name="Hellgorak" file="inquisition/hellgorak.xml"/>
	<monster name="Madareth" file="inquisition/madareth.xml"/>
	<monster name="Latrivan" file="inquisition/latrivan.xml"/>
	<monster name="Zugurosh" file="inquisition/zugurosh.xml"/>
	<monster name="Deaththrower" file="inquisition/deaththrower.xml"/>
	<monster name="Eye of the Seven" file="inquisition/eyeoftheseven.xml"/>
	<monster name="Lavahole" file="inquisition/lavahole.xml"/>
	<monster name="lava hole" file="inquisition/lavahole.xml"/>
	<monster name="a carved stone tile" file="inquisition/stonetile.xml"/>
	<monster name="Massive Fire Elemental" file="inquisition/massive fire elemental.xml"/>
	<monster name="Quara Pincher" file="inquisition/quara pincher.xml"/>
	<monster name="Quara Hydromancer" file="inquisition/quara hydromancer.xml"/>
	<monster name="Quara Predator" file="inquisition/quara predator.xml"/>
	<monster name="Crystal Spider" file="inquisition/crystal spider.xml"/>
	<monster name="Ice Golem" file="inquisition/ice golem.xml"/>
	<monster name="Massive Water Elemental" file="inquisition/massive water elemental.xml"/>
	<monster name="Braindeath" file="inquisition/braindeath.xml"/>
		
    <!-- arena-->
  <monster name="frozendo" file="arena/frozendo.xml"/>
    <monster name="guardian dwarf" file="arena/guardian dwarf.xml"/>
    <monster name="beclops" file="arena/beclops.xml"/>
    <monster name="matrix" file="arena/matrix.xml"/>
    <monster name="hym" file="arena/hym.xml"/>
    <monster name="devil of fire" file="arena/devil of fire.xml"/>
    <monster name="bonelord" file="arena/bonelord.xml"/>
    <monster name="dragona" file="arena/dragona.xml"/>
  <monster name="harry" file="arena/harry.xml"/>
  <monster name="lucifer" file="arena/lucifer.xml"/>

  <!-- POI-->
<monster name="Demon (Goblin)" file="demon (goblin).xml"/>
  <monster name="betrayed wraith" file="POI/betrayed wraith.xml"/>
  <monster name="Hellfire Fighter" file="POI/hellfire fighter.xml"/>
  <monster name="blightwalker" file="POI/blightwalker.xml"/>
  <monster name="dark torturer" file="POI/dark torturer.xml"/>
  <monster name="defiler" file="POI/defiler.xml"/>
  <monster name="destroyer" file="POI/destroyer.xml"/>
  <monster name="diabolic imp" file="POI/diabolic imp.xml"/>
  <monster name="fury" file="POI/fury.xml"/>
  <monster name="hand of cursed fate" file="POI/hand of cursed fate.xml"/>
  <monster name="lost soul" file="POI/lost soul.xml"/>
  <monster name="hellhound" file="POI/hellhound.xml"/>
  <monster name="juggernaut" file="POI/juggernaut.xml"/>
  <monster name="nightmare" file="POI/nightmare.xml"/>
  <monster name="phantasm summon" file="POI/phantasm summon.xml"/>
  <monster name="phantasm" file="POI/phantasm.xml"/>
  <monster name="plaguesmith" file="POI/plaguesmith.xml"/>
  <monster name="spectre" file="POI/spectre.xml"/>
  <monster name="undead dragon" file="POI/undead dragon.xml"/>
  <monster name="son of verminor" file="POI/son of verminor.xml"/>

  <monster name="Amazon" file="amazon.xml"/>
  <monster name="Ancient Scarab" file="ancient scarab.xml"/>
  <monster name="Assassin" file="assassin.xml"/>
  <monster name="Badger" file="badger.xml"/>
  <monster name="Bandit" file="bandit.xml"/>
  <monster name="Banshee" file="banshee.xml"/>
  <monster name="Bat" file="bat.xml"/>
  <monster name="Bear" file="bear.xml"/>
  <monster name="Behemoth" file="behemoth.xml"/>
  <monster name="Beholder" file="beholder.xml"/>
  <monster name="Black Knight" file="black knight.xml"/>
  <monster name="Black Sheep" file="black sheep.xml"/>
  <monster name="Blue Djinn" file="blue djinn.xml"/>
  <monster name="Bonebeast" file="bonebeast.xml"/>
  <monster name="Bug" file="bug.xml"/>
  <monster name="Butterfly" file="butterfly.xml"/>
  <monster name="Red Butterfly" file="butterfly red.xml"/>
  <monster name="Butterfly Purple" file="butterfly purple.xml"/>
  <monster name="Butterfly Yellow " file="butterfly yellow.xml"/>
  <monster name="Butterfly Red" file="butterfly red.xml"/>
  <monster name="Butterfly Blue" file="butterfly blue.xml"/>
  <monster name="Carniphila" file="carniphila.xml"/>
  <monster name="Cave Rat" file="cave rat.xml"/>
  <monster name="Centipede" file="centipede.xml"/>
  <monster name="Chicken" file="chicken.xml"/>
  <monster name="Cobra" file="cobra.xml"/>
  <monster name="Crab" file="crab.xml"/>
  <monster name="Crocodile" file="crocodile.xml"/>
  <monster name="Crypt Shambler" file="crypt shambler.xml"/>
  <monster name="Cyclops" file="cyclops.xml"/>
  <monster name="Dark Monk" file="dark monk.xml"/>
  <monster name="Deer" file="deer.xml"/>
  <monster name="Demon Skeleton" file="demon skeleton.xml"/>
  <monster name="Demon" file="demon.xml"/>
  <monster name="Dog" file="dog.xml"/>
  <monster name="Dragon Lord" file="dragon lord.xml"/>
  <monster name="Dragon" file="dragon.xml"/>
  <monster name="Dwarf Geomancer" file="dwarf geomancer.xml"/>
  <monster name="Dwarf Guard" file="dwarf guard.xml"/>
  <monster name="Dwarf Soldier" file="dwarf soldier.xml"/>
  <monster name="Dwarf" file="dwarf.xml"/>
  <monster name="Dworc Fleshhunter" file="dworc fleshhunter.xml"/>
  <monster name="Dworc Venomsniper" file="dworc venomsniper.xml"/>
  <monster name="Dworc Voodoomaster" file="dworc voodoomaster.xml"/>
  <monster name="Efreet" file="efreet.xml"/>
  <monster name="Elder Beholder" file="elder beholder.xml"/>
  <monster name="Elephant" file="elephant.xml"/>
  <monster name="Elf Arcanist" file="elf arcanist.xml"/>
  <monster name="Elf Scout" file="elf scout.xml"/>
  <monster name="Elf" file="elf.xml"/>
  <monster name="Fire Devil" file="fire devil.xml"/>
  <monster name="Fire Elemental" file="fire elemental.xml"/>
  <monster name="Flamingo" file="flamingo.xml"/>
  <monster name="Frost Troll" file="frost troll.xml"/>
  <monster name="Gargoyle" file="gargoyle.xml"/>
  <monster name="Gazer" file="gazer.xml"/>
  <monster name="Ghost" file="ghost.xml"/>
  <monster name="Ghoul" file="ghoul.xml"/>
  <monster name="Giant Spider" file="giant spider.xml"/>
  <monster name="Goblin" file="goblin.xml"/>
  <monster name="Green Djinn" file="green djinn.xml"/>
  <monster name="Hero" file="hero.xml"/>
  <monster name="Hunter" file="hunter.xml"/>
  <monster name="Hyaena" file="hyaena.xml"/>
  <monster name="Hydra" file="hydra.xml"/>
  <monster name="Kongra" file="kongra.xml"/>
  <monster name="Larva" file="larva.xml"/>
  <monster name="Lich" file="lich.xml"/>
  <monster name="Lion" file="lion.xml"/>
  <monster name="Lizard Sentinel" file="lizard sentinel.xml"/>
  <monster name="Lizard Snakecharmer" file="lizard snakecharmer.xml"/>
  <monster name="Lizard Templar" file="lizard templar.xml"/>
  <monster name="Marid" file="marid.xml"/>
  <monster name="Merlkin" file="merlkin.xml"/>
  <monster name="Minotaur Archer" file="minotaur archer.xml"/>
  <monster name="Minotaur Guard" file="minotaur guard.xml"/>
  <monster name="Minotaur Mage" file="minotaur mage.xml"/>
  <monster name="Minotaur" file="minotaur.xml"/>
  <monster name="Monk" file="monk.xml"/>
  <monster name="Mummy" file="mummy.xml"/>
  <monster name="Necromancer" file="necromancer.xml"/>
  <monster name="Orc Berserker" file="orc berserker.xml"/>
  <monster name="Orc Leader" file="orc leader.xml"/>
  <monster name="Orc Rider" file="orc rider.xml"/>
  <monster name="Orc Shaman" file="orc shaman.xml"/>
  <monster name="Orc Spearman" file="orc spearman.xml"/>
  <monster name="Orc Warlord" file="orc warlord.xml"/>
  <monster name="Orc Warrior" file="orc warrior.xml"/>
  <monster name="Orc" file="orc.xml"/>
  <monster name="Panda" file="panda.xml"/>
  <monster name="Parrot" file="parrot.xml"/>
  <monster name="Pig" file="pig.xml"/>
  <monster name="Poison Spider" file="poison spider.xml"/>
  <monster name="Polar Bear" file="polar bear.xml"/>
  <monster name="Priestess" file="priestess.xml"/>
  <monster name="Rabbit" file="rabbit.xml"/>
  <monster name="Rat Bugado" file="ratbugado.xml"/>
  <monster name="Rat" file="rat.xml"/>
  <monster name="Rotworm" file="rotworm.xml"/>
  <monster name="Scarab" file="scarab.xml"/>
  <monster name="Scorpion" file="scorpion.xml"/>
  <monster name="Serpent Spawn" file="serpent spawn.xml"/>
  <monster name="Sheep" file="sheep.xml"/>
  <monster name="Sibang" file="sibang.xml"/>
  <monster name="Skeleton" file="skeleton.xml"/>
  <monster name="Skunk" file="skunk.xml"/>
  <monster name="Slime2" file="slime2.xml"/>
  <monster name="Slime" file="slime.xml"/>
  <monster name="Smuggler" file="smuggler.xml"/>
  <monster name="Snake" file="snake.xml"/>
  <monster name="Spider" file="spider.xml"/>
  <monster name="Spit Nettle" file="spit nettle.xml"/>
  <monster name="Stalker" file="stalker.xml"/>
  <monster name="Stone Golem" file="stone golem.xml"/>
  <monster name="Swamp Troll" file="swamp troll.xml"/>
  <monster name="Tarantula" file="tarantula.xml"/>
  <monster name="Terror Bird" file="terror bird.xml"/>
  <monster name="Tiger" file="tiger.xml"/>
  <monster name="Troll" file="troll.xml"/>
  <monster name="Valkyrie" file="valkyrie.xml"/>
  <monster name="Vampire" file="vampire.xml"/>
  <monster name="War Wolf" file="war wolf.xml"/>
  <monster name="Warlock" file="warlock.xml"/>
  <monster name="Wasp" file="wasp.xml"/>
  <monster name="Wild Warrior" file="wild warrior.xml"/>
  <monster name="Winter Wolf" file="winter wolf.xml"/>
  <monster name="Witch" file="witch.xml"/>
  <monster name="Wolf" file="wolf.xml"/>
  <monster name="Yeti" file="yeti.xml"/>

  <!-- towers -->
  <monster name="Magicthrower" file="magicthrower.xml"/>
  
  <!-- bosses -->
  <monster name="Ferumbras" file="bosses/ferumbras.xml"/>
  <monster name="Ashmunrah" file="bosses/ashmunrah.xml"/>
  <monster name="Deathslicer" file="bosses/deathslicer.xml"/>
  <monster name="demongoblin" file="bosses/demongoblin.xml"/>
  <monster name="Dharalion" file="bosses/dharalion.xml"/>
  <monster name="Dipthrah" file="bosses/dipthrah.xml"/>
  <monster name="Fernfang" file="bosses/fernfang.xml"/>
  <monster name="Flamethrower" file="bosses/flamethrower.xml"/>
  <monster name="General Murius" file="bosses/general murius.xml"/>
  <monster name="Grorlam" file="bosses/grorlam.xml"/>
  <monster name="Mahrdis" file="bosses/mahrdis.xml"/>
  <monster name="Morguthis" file="bosses/morguthis.xml"/>
  <monster name="Omruc" file="bosses/omruc.xml"/>
  <monster name="Orshabaal" file="bosses/orshabaal.xml"/>
  <monster name="Plaguethrower" file="bosses/plaguethrower.xml"/>
  <monster name="Poisonthrower" file="bosses/poisonthrower.xml"/>
  <monster name="Rahemos" file="bosses/rahemos.xml"/>
  <monster name="Shredderthrower" file="bosses/shredderthrower.xml"/>
  <monster name="Tiquanda's Revenge" file="tasks/tiquanda's revenge.xml"/>
  <monster name="Thalas" file="bosses/thalas.xml"/>
  <monster name="The Evil Eye" file="bosses/the evil eye.xml"/>
  <monster name="Vashresamun" file="bosses/vashresamun.xml"/>
  
    <!-- tasks -->
<monster name="The Horned Fox" file="tasks/the horned fox.xml"/>
<monster name="The Old Widow" file="tasks/the old widow.xml"/>
<monster name="Demodras" file="tasks/demodras.xml"/>
<monster name="Necropharus" file="tasks/necropharus.xml"/>
<monster name="Tiquanda's Revenge" file="tasks/tiquanda's revenge.xml"/>
<monster name="Mickey" file="tasks/mickey.xml"/>
<monster name="The Snapper" file="tasks/the snapper.xml"/>
<monster name="Hide" file="tasks/hide.xml"/>
<monster name="The Many" file="tasks/the many.xml"/>
<monster name="the noxious spawn" file="tasks/the noxious spawn.xml"/>
<monster name="stonecracker" file="tasks/stonecracker.xml"/>

</monsters>