<?xml version="1.0" encoding="UTF-8"?>
<monster name="mummy" nameDescription="a mummy" race="UNDEAD" experience="150" speed="220" manacost="0">
  <health now="240" max="240"/>
  <look type="65" head="20" body="30" legs="40" feet="50" corpse="2949"/>
  <targetchange interval="5000" chance="8"/>
  <strategy attack="100" defense="0"/>
  <flags>
    <flag summonable="0"/>
    <flag attackable="1"/>
    <flag hostile="1"/>
    <flag illusionable="1"/>
    <flag convinceable="0"/>
    <flag pushable="0"/>
    <flag canpushitems="1"/>
    <flag canpushcreatures="0"/>
    <flag targetdistance="1"/>
    <flag staticattack="90"/>
    <flag runonhealth="0"/>
  </flags>
  <attacks>
    <attack name="melee" interval="2000" skill="50" attack="32" poison="65"/>
    <attack name="lifedrain" interval="1000" chance="15" range="1" min="-30" max="-40"/>
    <attack name="speed" interval="2000" chance="12" range="7" speedchange="-600" duration="10000">
      <attribute key="areaEffect" value="redshimmer"/>
    </attack>
  </attacks>
  <defenses armor="14" defense="20"/>
  <immunities>
    <immunity physical="0"/>
    <immunity energy="0"/>
    <immunity fire="0"/>
    <immunity poison="1"/>
    <immunity lifedrain="1"/>
    <immunity paralyze="1"/>
    <immunity outfit="1"/>
    <immunity drunk="1"/>
    <immunity invisible="1"/>
  </immunities>
  <loot>
    <item id="2148" countmax="80" chance1="100000" chancemax="0"/> -- gold coin
    <item id="2161" chance="3333"/> -- strange talisman
    <item id="2162" chance="1818"/> -- magic lightwand
    <item id="2134" chance="6666"/> -- silver brooch
    <item id="2411" chance="2857"/> -- poison dagger :: Def 8 :: Atk 18
    <item id="2529" chance="2557"/> -- black shield :: Def 18
    <item id="1987" chance="100000"> -- bag
      <inside>
        <item id="2529" chance="1428"/> -- black shield :: Def 18
        <item id="2144" countmax="2" chance1="5000" chancemax="0"/> -- black pearl
        <item id="2124" chance="2000"/> -- crystal ring
        <item id="2169" chance="1333"/> -- time ring
        <item id="2170" chance="2500"/> -- silver amulet
      </inside>
    </item>
  </loot>
</monster>
