<?xml version="1.0" encoding="UTF-8"?>
<monster name="orc warlord" nameDescription="a orc warlord" race="blood" experience="670" speed="290" manacost="0">
  <health now="950" max="950"/>
  <look type="2" head="20" body="30" legs="40" feet="50" corpse="2967"/>
  <targetchange interval="5000" chance="8"/>
  <strategy attack="100" defense="0"/>
  <flags>
    <flag summonable="0"/>
    <flag attackable="1"/>
    <flag hostile="1"/>
    <flag illusionable="0"/>
    <flag convinceable="0"/>
    <flag pushable="0"/>
    <flag canpushitems="1"/>
    <flag canpushcreatures="1"/>
    <flag targetdistance="1"/>
    <flag staticattack="90"/>
    <flag runonhealth="0"/>
  </flags>
  <attacks>
    <attack name="melee" interval="2000" min="-40" max="-200"/>
    <attack name="physical" interval="3000" chance="25" range="7" min="-100" max="-120">
      <attribute key="shootEffect" value="throwingstar"/>
    </attack>
  </attacks>
  <defenses armor="22" defense="35">
    <defense name="invisible" interval="1000" chance="4" duration="2000">
      <attribute key="areaEffect" value="blueshimmer"/>
    </defense>
  </defenses>
  <immunities>
    <immunity physical="0"/>
    <immunity energy="0"/>
    <immunity fire="1"/>
    <immunity poison="0"/>
    <immunity lifedrain="0"/>
    <immunity paralyze="0"/>
    <immunity outfit="1"/>
    <immunity drunk="1"/>
    <immunity invisible="1"/>
  </immunities>
  <voices interval="5000" chance="10">
    <voice sentence="Ranat Ulderek!"/>
    <voice sentence="Orc buta bana!"/>
    <voice sentence="Ikem rambo zambo!"/>
    <voice sentence="Futchi maruk buta!"/>
  </voices>
<loot>
<item id="2148" chance="50000" countmax="70" /> -- gold coin
<item id="2666" chance="20000" countmax="3" /> -- meat
<item id="2667" chance="6667" countmax="1" /> -- fish
<item id="2392" chance="1538" /> -- fire sword :: Def 20 :: Atk 35
<item id="2647" chance="2222" /> -- plate legs :: Arm 7
<item id="2463" chance="1333" /> -- plate armor :: Arm 10
<item id="2399" chance="3333" countmax="18" /> -- throwing star :: Atk 30
<item id="2428" chance="2000" /> -- orcish axe :: Def 12 :: Atk 23
<item id="1988" chance="100000" > -- backpack
<inside>
	<item id="2478" chance="3333" /> -- brass legs :: Arm 5
	<item id="2165" chance="1333" /> -- stealth ring
	<item id="2200" chance="2000" /> -- protection amulet
	<item id="2490" chance="2500" /> -- dark helmet :: Arm 6
	<item id="2377" chance="1818" /> -- two handed sword :: Def 25 :: Atk 30
	<item id="2434" chance="833" /> -- dragon hammer :: Def 20 :: Atk 32
	<item id="2497" chance="667" /> -- crusader helmet :: Arm 8
	<item id="2179" chance="556" /> -- gold ring
</inside>
</item>
</loot>
</monster>
