<?xml version="1.0" encoding="UTF-8"?>
<monster name="orc warrior" nameDescription="a orc warrior" race="blood" experience="50" speed="190" manacost="360">
  <health now="125" max="125"/>
  <look type="7" head="20" body="30" legs="40" feet="50" corpse="2862"/>
  <targetchange interval="2000" chance="0"/>
  <strategy attack="100" defense="0"/>
  <flags>
    <flag summonable="1"/>
    <flag attackable="1"/>
    <flag hostile="1"/>
    <flag illusionable="1"/>
    <flag convinceable="1"/>
    <flag pushable="1"/>
    <flag canpushitems="0"/>
    <flag canpushcreatures="0"/>
    <flag targetdistance="1"/>
    <flag staticattack="90"/>
    <flag runonhealth="10"/>
  </flags>
  <attacks>
    <attack name="melee" interval="2000" min="-1" max="-30"/>
  </attacks>
  <defenses armor="8" defense="14"/>
  <immunities>
    <immunity physical="0"/>
    <immunity energy="0"/>
    <immunity fire="0"/>
    <immunity poison="0"/>
    <immunity lifedrain="0"/>
    <immunity paralyze="0"/>
    <immunity outfit="0"/>
    <immunity drunk="0"/>
    <immunity invisible="0"/>
  </immunities>
  <voices interval="5000" chance="10">
    <voice sentence="Grow truk grrrr."/>
    <voice sentence="Trak grrrr brik."/>
    <voice sentence="Alk!"/>
  </voices>
  <loot>
    <item id="2148" chance="50000" countmax="50"/><!-- 50 50% gold coin -->
    <item id="2148" countmax="12" chance1="100000" chancemax="0"/> -- gold coin
    <item id="2666" countmax="2" chance1="40000" chancemax="0"/> -- meat
    <item id="2512" chance="10000"/> -- wooden shield :: Def 14
    <item id="2530" chance="4000"/> -- copper shield :: Def 19
    <item id="1987" chance="100000"> -- bag
      <inside>
        <item id="2385" chance="6666"/> -- sabre :: Def 10 :: Atk 12
        <item id="2464" chance="5000"/> -- chain armor :: Arm 6
        <item id="2420" chance="5000"/> -- machete :: Def 9 :: Atk 12
        <item id="2448" chance="5000"/> -- studded club :: Def 8 :: Atk 9
        <item id="2007" chance="20000"/> -- blue bottle
      </inside>
    </item>
  </loot>
</monster>
