<?xml version="1.0" encoding="UTF-8"?>
<monster name="pig" nameDescription="a pig" race="blood" experience="0" speed="114" manacost="255">
  <health now="150" max="150"/>
  <look type="60" head="20" body="30" legs="40" feet="50" corpse="2935"/>
  <targetchange interval="2000" chance="0"/>
  <strategy attack="100" defense="0"/>
  <flags>
    <flag summonable="1"/>
    <flag attackable="1"/>
    <flag hostile="0"/>
    <flag illusionable="1"/>
    <flag convinceable="1"/>
    <flag pushable="1"/>
    <flag canpushitems="0"/>
    <flag canpushcreatures="0"/>
    <flag targetdistance="1"/>
    <flag staticattack="90"/>
    <flag runonhealth="25"/>
  </flags>
  <attacks>
    <attack name="melee" interval="2000" skill="10" attack="0"/>
  </attacks>
  <defenses armor="2" defense="2"/>
  <immunities>
    <immunity physical="0"/>
    <immunity energy="0"/>
    <immunity fire="0"/>
    <immunity poison="0"/>
    <immunity lifedrain="0"/>
    <immunity paralyze="0"/>
    <immunity outfit="0"/>
    <immunity drunk="0"/>
    <immunity invisible="0"/>
  </immunities>
  <loot>
    <item id="2671" countmax="4" chance1="100000" chancemax="0"/> -- ham
  </loot>
</monster>
