<?xml version="1.0" encoding="UTF-8"?>
<monster name="Betrayed Wraith" nameDescription="a betrayed wraith" race="blood" experience="3500" speed="310" manacost="0">
	<health now="4200" max="4200"/>
  <look type="68" head="20" body="30" legs="40" feet="50" corpse="2956"/>
	<targetchange interval="5000" chance="8"/>
	<strategy attack="100" defense="0"/>
	<flags>
		<flag summonable="0"/>
		<flag attackable="1"/>
		<flag hostile="1"/>
		<flag illusionable="1"/>
		<flag convinceable="0"/>
		<flag pushable="0"/>
		<flag canpushitems="1"/>
		<flag canpushcreatures="1"/>
		<flag targetdistance="1"/>
		<flag staticattack="90"/>
		<flag runonhealth="250"/>
	</flags>
	<attacks>
		<attack name="melee" interval="2000" skill="80" attack="100"/>
		<attack name="skills" interval="2000" chance="15" length="8" spread="3" distance="-5">
			<attribute key="areaEffect" value="poison"/>
		</attack>
		<attack name="speed" interval="2000" chance="25" range="1" target="1" speedchange="-600" duration="3000">
			<attribute key="shootEffect" value="death"/>
			<attribute key="areaEffect" value="mortarea"/>
		</attack>
	</attacks>
	<defenses armor="15" defense="15">
		<defense name="healing" interval="2000" chance="20" min="400" max="440">
			<attribute key="areaEffect" value="blueshimmer"/>
		</defense>
		<defense name="invisible" interval="2000" chance="5">
			<attribute key="areaEffect" value="redshimmer"/>
		</defense>
		<defense name="speed" interval="2000" chance="12" speedchange="360" duration="5000">
			<attribute key="areaEffect" value="redshimmer"/>
		</defense>
	</defenses>
	<elements>
		<element deathPercent="100"/>
		<element firePercent="100"/>
		<element energyPercent="100"/>
		<element earthPercent="100"/>
		<element icePercent="50"/>
		<element holyPercent="-25"/>
	</elements>
	<immunities>
		<immunity lifedrain="1"/>
		<immunity paralyze="1"/>
		<immunity invisible="1"/>
	</immunities>
	<voices interval="5000" chance="10">
		<voice sentence="Rrrah!"/>
		<voice sentence="Gnarr!"/>
		<voice sentence="Tcharrr!"/>
	</voices>
	<loot>
    <item id="2417" chance="5725" /><!-- battle hammer -->
    <item id="2387" chance="32275" /><!-- double axe -->
    <item id="2148" countmax="100" chance="44375" /><!-- gold coin -->
    <item id="2148" countmax="100" chance="44375" /><!-- gold coin -->
    <item id="2148" countmax="100" chance="44375" /><!-- gold coin -->
    <item id="2148" countmax="18" chance="44375" /><!-- gold coin -->
    <item id="2152" countmax="4" chance="7350" /><!-- platinum coin -->
    <item id="2383" chance="5175" /><!-- spike sword -->
    <item id="1987" chance="100000"><!-- bag -->
        <inside>
            <item id="2145" chance="11375" /><!-- small diamond -->
        </inside>
    </item>
</loot>


















</monster>
