<?xml version="1.0" encoding="UTF-8"?>
<monster name="Blightwalker" nameDescription="a blightwalker" race="undead" experience="3350" speed="240" manacost="0">
	<health now="8900" max="8900"/>
  <look type="128" head="95" body="116" legs="95" feet="114" corpse="3128"/>
	<targetchange interval="5000" chance="8"/>
	<strategy attack="100" defense="0"/>
	<flags>
		<flag summonable="0"/>
		<flag attackable="1"/>
		<flag hostile="1"/>
		<flag illusionable="1"/>
		<flag convinceable="0"/>
		<flag pushable="0"/>
		<flag canpushitems="1"/>
		<flag canpushcreatures="1"/>
		<flag targetdistance="1"/>
		<flag staticattack="90"/>
		<flag runonhealth="0"/>
	</flags>
	<attacks>
		<attack name="melee" interval="2000" skill="88" attack="100"/>
		<attack name="earth" interval="2000" chance="15" range="7" target="1" min="-225" max="-405">
			<attribute key="shootEffect" value="poison"/>
			<attribute key="areaEffect" value="poison"/>
		</attack>
		<attack name="drunk" interval="2000" chance="12" radius="3" target="0">
		
		</attack>
		<attack name="earth" interval="2000" chance="10" range="7" target="1" max="-0">
			<attribute key="areaEffect" value="greenspark"/>
		</attack>
		<attack name="speed" interval="2000" chance="11" range="7" target="1" speedchange="-600">
			<attribute key="shootEffect" value="poison"/>
			<attribute key="areaEffect" value="poison"/>
		</attack>	
	</attacks>
	<defenses armor="15" defense="15"/>
	<elements>
		<element earthPercent="100"/>
		<element deathPercent="100"/>
		<element firePercent="50"/>
		<element energyPercent="20"/>
		<element icePercent="50"/>
		<element physicalPercent="-10"/>
		<element holyPercent="-30"/>
	</elements>
	<immunities>
		<immunity paralyze="1"/>
        <immunity invisible="1"/>

	</immunities>
	<voices interval="5000" chance="10">
		<voice sentence="I can see you decaying!"/>
		<voice sentence="Let me taste your mortality!"/>
	</voices>
	<loot>
    <item id="2694" chance="60000" /><!-- bunch of wheat -->
    <item id="2148" countmax="100" chance="42275" /><!-- gold coin -->
    <item id="2148" countmax="100" chance="42275" /><!-- gold coin -->
    <item id="2148" countmax="66" chance="42275" /><!-- gold coin -->
    <item id="2545" countmax="12" chance="3975" /><!-- poison arrow -->
    <item id="2260" countmax="2" chance="20625" /><!-- blank rune -->
    <item id="2550" chance="3500" /><!-- scythe -->
    <item id="2183" chance="8800" /><!-- hailstorm rod -->
    <item id="1987" chance="100000"><!-- bag -->
        <inside>
            <item id="2199" chance="1650" /><!-- garlic necklace -->
            <item id="2436" chance="1200" /><!-- skull staff -->
            <item id="2179" chance="1525" /><!-- gold ring -->
            <item id="2173" chance="750" /><!-- amulet of loss -->
            <item id="2418" chance="550" /><!-- golden sickle -->
        </inside>
    </item>
</loot>


















</monster>
