<?xml version="1.0" encoding="UTF-8"?>
<monster name="Dark Torturer" nameDescription="a dark torturer" race="blood" experience="4650" speed="280" manacost="0">
	<health now="7350" max="7350"/>
  <look type="95" head="20" body="30" legs="40" feet="50" corpse="3022"/>
	<targetchange interval="5000" chance="8"/>
	<strategy attack="100" defense="0"/>
	<flags>
		<flag summonable="0"/>
		<flag attackable="1"/>
		<flag hostile="1"/>
		<flag illusionable="1"/>
		<flag convinceable="0"/>
		<flag pushable="0"/>
		<flag canpushitems="1"/>
		<flag canpushcreatures="1"/>
		<flag targetdistance="1"/>
		<flag staticattack="90"/>
		<flag runonhealth="0"/>
	</flags>
	<attacks>
		<attack name="melee" interval="2000" skill="90" attack="100"/>
		<attack name="physical" interval="2000" chance="20" range="7" min="-0" max="-781">
			<attribute key="shootEffect" value="throwingknife"/>
		</attack>
		<attack name="skills" interval="2000" chance="20" range="7" length="8" target="3" shielding="-1">
			<attribute key="areaEffect" value="rednote"/>
		</attack>
	</attacks>
	<defenses armor="25" defense="35">
		<defense name="healing" interval="2000" chance="10" min="75" max="125">
			<attribute key="areaEffect" value="redshimmer"/>
		</defense>
	</defenses>
	<elements>
		<element earthPercent="90"/>
		<element energyPercent="30"/>
		<element deathPercent="10"/>
		<element icePercent="-10"/>
		<element holyPercent="-10"/>
	</elements>
	<immunities>
		<immunity invisible="1"/>
		<immunity fire="1"/>
	</immunities>
	<voices interval="3000" chance="10">
		<voice sentence="You like it, don't you?"/>
		<voice sentence="The torturer is in!"/>
		<voice sentence="It's party time!"/>
		<voice sentence="Harrr, Harrr!"/>
		<voice sentence="IahaEhheAie!"/>
	</voices>
	<loot>
    <item id="2558" chance="2400" /><!-- saw -->
    <item id="2152" countmax="6" chance="6175" /><!-- platinum coin -->
    <item id="2645" chance="5650" /><!-- steel boots -->
    <item id="1987" chance="100000"><!-- bag -->
        <inside>
            <item id="2148" countmax="100" chance="36025" /><!-- gold coin -->
            <item id="2148" countmax="100" chance="36025" /><!-- gold coin -->
            <item id="2148" countmax="68" chance="36025" /><!-- gold coin -->
            <item id="2671" chance="65775" /><!-- ham -->
            <item id="2470" chance="650" /><!-- golden legs -->
        </inside>
    </item>
</loot>


















</monster>