<?xml version="1.0" encoding="UTF-8"?>
<monster name="Defiler" nameDescription="a defiler" race="venom" experience="3700" speed="260" manacost="0">
	<health now="3650" max="3650"/>
  <look type="26" head="20" body="30" legs="40" feet="50" corpse="2824"/>
	<targetchange interval="5000" chance="8"/>
	<strategy attack="100" defense="0"/>
	<flags>
		<flag summonable="0"/>
		<flag attackable="1"/>
		<flag hostile="1"/>
		<flag illusionable="1"/>
		<flag convinceable="0"/>
		<flag pushable="0"/>
		<flag canpushitems="1"/>
		<flag canpushcreatures="1"/>
		<flag targetdistance="1"/>
		<flag staticattack="90"/>
		<flag runonhealth="0"/>
	</flags>
	<attacks>
		<attack name="melee" interval="2000" skill="50" attack="80" poison="20"/>
		<attack name="speed" interval="2000" chance="8" length="8" spread="3" speedchange="-400" duration="5000">
			<attribute key="areaEffect" value="blackspark"/>
		</attack>
		<attack name="poisoncondition" interval="2000" chance="7" length="8" spread="3" min="-20" max="-100">
			<attribute key="areaEffect" value="blackspark"/>
		</attack>
		<attack name="poison" interval="2000" chance="15" radius="3" target="0" min="-120" max="-170">
			<attribute key="areaEffect" value="poison"/>
		</attack>
		<attack name="poison" interval="2000" chance="13" range="7" target="1" min="-160" max="-270">
			<attribute key="shootEffect" value="poison"/>
			<attribute key="areaEffect" value="poison"/>
		</attack>
		<attack name="poisoncondition" interval="2000" chance="12" range="7" target="1" min="-20" max="-640">
			<attribute key="shootEffect" value="poison"/>
			<attribute key="areaEffect" value="greenspark"/>
		</attack>
		</attacks>
	<defenses armor="15" defense="15">
		<defense name="healing" interval="2000" chance="10" min="340" max="390">
			<attribute key="areaEffect" value="blueshimmer"/>
		</defense>
	</defenses>
	<elements>
		<element earthPercent="100"/>
		<element energyPercent="10"/>
		<element icePercent="20"/>
		<element firePercent="-25"/>
	</elements>
	<immunities>
		<immunity paralyze="1"/>
		<immunity invisible="1"/>
	</immunities>
	<voices interval="5000" chance="10">
		<voice sentence="Blubb"/>
	</voices>
	<loot>
    <item id="2148" countmax="100" chance="49725" /><!-- gold coin -->
    <item id="2148" countmax="100" chance="49725" /><!-- gold coin -->
    <item id="2148" countmax="100" chance="49725" /><!-- gold coin -->
    <item id="2148" countmax="6" chance="49725" /><!-- gold coin -->
    <item id="2152" countmax="4" chance="20725" /><!-- platinum coin -->
    <item id="2151" chance="2575" /><!-- talon -->
    <item id="2149" countmax="3" chance="3125" /><!-- small emerald -->
    <item id="2155" chance="850" /><!-- green gem -->
    <item id="1987" chance="100000"><!-- bag -->
        <inside>
            <item id="2154" chance="1300" /><!-- yellow gem -->
            <item id="2147" countmax="2" chance="1575" /><!-- small ruby -->
            <item id="2145" chance="775" /><!-- small diamond -->
            <item id="2156" chance="1225" /><!-- red gem -->
            <item id="2158" chance="1400" /><!-- blue gem -->
        </inside>
    </item>
</loot>


















</monster>
