<?xml version="1.0" encoding="UTF-8"?>
<monster name="bonelord" nameDescription="a bonelord" race="VENOM" experience="75000" speed="450" manacost="0">
  <health now="75000" max="75000"/>
  <look type="17" head="20" body="30" legs="40" feet="50" corpse="2908"/>
  <targetchange interval="5000" chance="8"/>
  <strategy attack="100" defense="0"/>
  <flags>
    <flag summonable="0"/>
    <flag attackable="1"/>
    <flag hostile="1"/>
    <flag illusionable="0"/>
    <flag convinceable="0"/>
    <flag pushable="0"/>
    <flag canpushitems="1"/>
    <flag canpushcreatures="1"/>
    <flag targetdistance="1"/>
    <flag staticattack="90"/>
    <flag runonhealth="0"/>
  </flags>
  <attacks>
    <attack name="melee" interval="2000" min="-160" max="-680"/>
    <attack name="physical" interval="2000" chance="35" range="7" min="-485" max="-785">
      <attribute key="shootEffect" value="energy"/>
    </attack>
    <attack name="manadrain" interval="1000" chance="17" range="7" min="-335" max="-655"/>
    <attack name="speed" interval="1000" chance="12" range="7" speedchange="-600" duration="40000">
      <attribute key="areaEffect" value="redshimmer"/>
    </attack>
    <attack name="fire" interval="2000" chance="45" range="7" radius="3" target="1" min="-550" max="-820">
      <attribute key="shootEffect" value="burstarrow"/>
      <attribute key="areaEffect" value="firearea"/>
    </attack>
    <attack name="firefield" interval="1000" chance="20" range="7" radius="2" target="1">
      <attribute key="shootEffect" value="fire"/>
    </attack>
    <attack name="energy" interval="2000" chance="25" length="8" spread="0" min="-465" max="-845">
      <attribute key="areaEffect" value="energy"/>
    </attack>
    <attack name="speed" interval="6000" chance="10" range="5" speedchange="-600" duration="20000">
      <attribute key="areaEffect" value="redshimmer"/>
    </attack>
  </attacks>
  <defenses armor="25" defense="30">
    <defense name="healing" interval="1000" chance="25" min="400" max="700">
      <attribute key="areaEffect" value="blueshimmer"/>
    </defense>
    <defense name="invisible" interval="5000" chance="50" duration="5000">
      --each 7 sec invi duration 5 sec
      <attribute key="areaEffect" value="redshimmer"/>
    </defense>
  </defenses>
  <immunities>
    <immunity physical="0"/>
    <immunity energy="1"/>
    <immunity fire="1"/>
    <immunity poison="1"/>
    <immunity lifedrain="0"/>
    <immunity paralyze="1"/>
    <immunity outfit="1"/>
    <immunity drunk="1"/>
    <immunity invisible="1"/>
  </immunities>
  <summons maxSummons="1">
    <summon name="warlock" interval="2000" chance="20" max="1"/>
  </summons>
  <voices interval="5000" chance="10">
    <voice sentence="Learn the secret of our magic! YOUR death!"/>
    <voice sentence="Even a rat is a better mage than you."/>
    <voice sentence="We don't like intruders!"/>
  </voices>
  <loot>
    <item id="2148" countmax="100" chance1="100000" chancemax="0"/> -- gold coin
    <item id="2600" chance="10000"/> -- inkwell
    <item id="2124" chance="1000"/> -- crystal ring
    <item id="2689" countmax="1" chance="11000"/> -- bread
    <item id="7368" countmax="4" chance="1200"/> --
    <item id="2167" chance="3000"/> -- energy ring
    <item id="2114" chance="1400"/> -- piggy bank
    <item id="2151" countmax="2" chance="1100"/> -- talon
    <item id="1987" chance="100000">
      -- bag
      <inside>
        <item id="2148" countmax="50" chance1="80000" chancemax="0"/> -- gold coin
        <item id="2146" countmax="2" chance="14000"/> -- small sapphire
        <item id="2178" countmax="1" chance="25000"/> -- mind stone
        <item id="2679" countmax="4" chance="20000"/> -- cherry
        <item id="2047" chance="150000"/> -- candlestick
        <item id="2411" chance="50000"/> -- poison dagger :: Def 8 :: Atk 18
        <item id="2792" countmax="5" chance1="66606" chancemax="0"/> -- dark mushroom
        <item id="2793" countmax="2" chance1="66606" chancemax="0"/> -- mushrooms
        <item id="2656" chance="20000"/> -- blue robe :: Arm 11
        <item id="2466" chance="5808"/> -- golden armor :: Arm 14
        <item id="2436" chance="14280"/> -- skull staff :: Def 12 :: Atk 36
        <item id="2123" chance="10000"/> -- ring of wishes
      </inside>
    </item>
  </loot>
</monster>
