<?xml version="1.0" encoding="UTF-8"?>
<monster name="devil of fire" nameDescription="a devil of fire" race="blood" experience="65000" speed="440" manacost="530">
  <health now="65000" max="65000"/>
  <look type="40" head="20" body="30" legs="40" feet="50" corpse="2886"/>
  <targetchange interval="5000" chance="8"/>
  <strategy attack="100" defense="0"/>
  <flags>
    <flag summonable="0"/>
    <flag attackable="1"/>
    <flag hostile="1"/>
    <flag illusionable="0"/>
    <flag convinceable="0"/>
    <flag pushable="0"/>
    <flag canpushitems="1"/>
    <flag canpushcreatures="1"/>
    <flag targetdistance="1"/>
    <flag staticattack="90"/>
    <flag runonhealth="0"/>
  </flags>
  <attacks>
    <attack name="melee" interval="2000" min="-240" max="-690"/>

    <attack name="manadrain" interval="3000" chance="23" range="7" min="-280" max="-600"/>

    <attack name="fire" interval="2000" chance="29" range="7" radius="7" target="1" min="-420" max="-800">
      <attribute key="shootEffect" value="fire"/>
      <attribute key="areaEffect" value="firearea"/>
    </attack>

    <attack name="firefield" interval="1000" chance="15" range="7" radius="1" target="1">
      <attribute key="shootEffect" value="fire"/>
    </attack>

    <attack name="energy" interval="3000" chance="40" length="8" spread="0" min="-470" max="-820">
      <attribute key="areaEffect" value="energy"/>
    </attack>

  </attacks>
  <defenses armor="50" defense="55">
    <defense name="healing" interval="1000" chance="25" min="390" max="850">
      <attribute key="areaEffect" value="blueshimmer"/>
    </defense>
  </defenses>
  <immunities>
    <immunity physical="0"/>
    <immunity energy="1"/>
    <immunity fire="1"/>
    <immunity poison="1"/>
    <immunity lifedrain="1"/>
    <immunity paralyze="1"/>
    <immunity outfit="1"/>
    <immunity drunk="1"/>
    <immunity invisible="1"/>
  </immunities>
  <summons maxSummons="1">
    <summon name="hellfire fighter" interval="2500" chance="30" max="1"/>
  </summons>
  <voices interval="5000" chance="10">
    <voice sentence="MUHAHAHAHA!" yell="1"/>
    <voice sentence="I SMELL FEEEEEAAAR!" yell="1"/>
    <voice sentence="CHAMEK ATH UTHUL ARAK!" yell="1"/>
    <voice sentence="Your resistance is futile!"/>
    <voice sentence="Your soul will be mine!" yell="0"/>
  </voices>
  <loot>
    <item id="2148" countmax="100" chance1="100000" chancemax="0"/> -- gold coin
    <item id="2148" countmax="100" chance1="100000" chancemax="0"/> -- gold coin
    <item id="2393" chance="14208"/> -- giant sword :: Def 22 :: Atk 46
    <item id="2514" chance="5000"/> -- mastermind shield :: Def 37
    <item id="2432" chance="12000"/> -- fire axe :: Def 16 :: Atk 38
    <item id="2472" chance="1300"/> -- magic plate armor :: Arm 17
    <item id="2164" chance="2000"/> -- might ring
    <item id="1987" chance="100000">
      -- bag
      <inside>
        <item id="2214" chance="5000"/> -- ring of healing
        <item id="2396" chance="6000"/> -- ice rapier :: Atk 40 :: Def 1
        <item id="2179" chance="11000"/> -- gold ring
        <item id="2795" countmax="6" chance="200000"/> -- fire mushroom
        <item id="2678" countmax="3" chance1="100000" chancemax="0"/> -- coconut
        <item id="2148" countmax="100" chance1="100000" chancemax="0"/> -- gold coin
        <item id="2151" countmax="4" chance1="40000" chancemax="0"/> -- talon
        <item id="2462" chance="12000"/> -- devil helmet :: Arm 7
        <item id="2149" countmax="3" chance1="11000" chancemax="0"/> -- small emerald
        <item id="2171" chance="8000"/> -- platinum amulet :: Arm 2
        <item id="2387" chance="20000"/> -- double axe :: Def 12 :: Atk 35
        <item id="2470" chance="4000"/> -- golden legs :: Arm 9
        <item id="2520" chance="7000"/> -- demon shield :: Def 35
        <item id="2418" chance="15000"/> -- golden sickle :: Def 6 :: Atk 13
        <item id="2377" chance="33303"/> -- two handed sword :: Def 25 :: Atk 30
      </inside>
    </item>
  </loot>
</monster>
