<?xml version="1.0" encoding="UTF-8"?>
<monster name="frozendo" nameDescription="a frozendo" race="blood" experience="15000" speed="390" manacost="260">
  <health now="25000" max="25000"/>
  <look type="52" head="20" body="30" legs="40" feet="50" corpse="2924"/>
  <targetchange interval="2000" chance="0"/>
  <strategy attack="100" defense="0"/>
  <flags>
    <flag summonable="0"/>
    <flag attackable="1"/>
    <flag hostile="1"/>
    <flag illusionable="0"/>
    <flag convinceable="0"/>
    <flag pushable="0"/>
    <flag canpushitems="1"/>
    <flag canpushcreatures="0"/>
    <flag targetdistance="1"/>
    <flag staticattack="90"/>
    <flag runonhealth="0"/>
  </flags>
  <attacks>
    <attack name="melee" interval="2000" min="-380" max="-830"/>
    <attack name="physical" interval="2000" chance="15" range="7" min="-300" max="-555">
      <attribute key="shootEffect" value="largerock"/>
    </attack>
  </attacks>
  <defenses armor="40" defense="45">
    <defense name="speed" interval="1000" chance="7" speedchange="490" duration="4000">
      <attribute key="areaEffect" value="redshimmer"/>
    </defense>
  </defenses>
  <immunities>
    <immunity physical="0"/>
    <immunity energy="1"/>
    <immunity fire="1"/>
    <immunity poison="1"/>
    <immunity lifedrain="1"/>
    <immunity paralyze="1"/>
    <immunity outfit="1"/>
    <immunity drunk="1"/>
    <immunity invisible="1"/>
  </immunities>
  <voices interval="5000" chance="10">
    <voice sentence="You're so little!"/>
    <voice sentence="Human flesh - delicious!"/>
    <voice sentence="Crush the intruders!" yell="1"/>
  </voices>
  <loot>
    <item id="2148" countmax="100" chance="100000"/> -- gold coin
    <item id="2671" countmax="3" chance="10000"/> -- ham
    <item id="2393" chance="30088"/> -- giant sword :: Def 22 :: Atk 46
    <item id="2454" chance="30088"/> -- war axe :: Def 10 :: Atk 48
    <item id="2150" countmax="25" chance="40000"/> -- small amethyst
    <item id="1987" chance="100000">
      -- bag
      <inside>
        <item id="2463" countmax="1" chance="20000"/> -- plate armor :: Arm 10
        <item id="2666" countmax="60" chance="40000"/> -- meat
        <item id="2125" chance="30000"/> -- crystal necklace
        <item id="2148" countmax="100" chance="100000"/> -- gold coin
        <item id="2645" chance="40000"/> -- steel boots :: Arm 3
        <item id="2188" chance="10000"/> -- wand of plague
        <item id="2161" chance="33330"/> -- strange talisman
      </inside>
    </item>
  </loot>
</monster>