<?xml version="1.0" encoding="UTF-8"?>
<monster name="hym" nameDescription="a hym" race="blood" experience="55000" speed="430" manacost="0">
  <health now="55000" max="55000"/>
  <look type="121" head="20" body="30" legs="40" feet="50" corpse="4283"/>
  <targetchange interval="5000" chance="8"/>
  <strategy attack="100" defense="0"/>
  <flags>
    <flag summonable="0"/>
    <flag attackable="1"/>
    <flag hostile="1"/>
    <flag illusionable="0"/>
    <flag convinceable="0"/>
    <flag pushable="0"/>
    <flag canpushitems="1"/>
    <flag canpushcreatures="1"/>
    <flag targetdistance="1"/>
    <flag staticattack="90"/>
    <flag runonhealth="0"/>
  </flags>
  <attacks>

    <attack name="melee" interval="2000" min="-520" max="-930"/>

    <attack name="speed" interval="1000" chance="20" range="7" radius="4" target="1" speedchange="-600" duration="15000">
      <attribute key="shootEffect" value="poison"/>
      <attribute key="areaEffect" value="greenbubble"/>
    </attack>

    <attack name="physical" interval="2000" chance="17" length="8" spread="3" min="-450" max="-750">
      <attribute key="areaEffect" value="bluebubble"/>
    </attack>

    <attack name="poison" interval="2000" chance="20" length="8" spread="3" min="-400" max="-780">
      <attribute key="areaEffect" value="poison"/>
    </attack>
  </attacks>

  <defenses armor="25" defense="35">
    <defense name="healing" interval="1000" chance="20" min="450" max="800">
      <attribute key="areaEffect" value="blueshimmer"/>
    </defense>
  </defenses>
  <immunities>
    <immunity physical="0"/>
    <immunity energy="0"/>
    <immunity fire="0"/>
    <immunity poison="1"/>
    <immunity lifedrain="1"/>
    <immunity paralyze="1"/>
    <immunity outfit="1"/>
    <immunity drunk="1"/>
    <immunity invisible="1"/>
  </immunities>
  <summons maxSummons="2">
    <summon name="hydra" interval="2000" chance="20" max="2"/>
  </summons>
  <voices interval="5000" chance="10">
    <voice sentence="FCHHHHH"/>
    <voice sentence="HISSSS"/>
  </voices>
  <loot>
    <item id="2148" countmax="100" chance1="100000" chancemax="0"/> -- gold coin
    <item id="2148" countmax="25" chance1="100000" chancemax="0"/> -- gold coin
    <item id="2671" countmax="3" chance="60000"/> -- ham
    <item id="2498" chance="2000"/> -- royal helmet :: Arm 9
    <item id="2195" chance="5000"/> -- boots of haste
    <item id="2475" chance="10000"/> -- warrior helmet :: Arm 8
    <item id="2146" countmax="1" chance="5000"/> -- small sapphire
    <item id="1987" chance="100000"> -- bag
      <inside>
        <item id="2214" countmax="1" chance="12000"/> -- ring of healing
        <item id="2666" countmax="4" chance="90000"/> -- meat
        <item id="2177" chance="6000"/> -- life crystal
        <item id="2476" chance="10000"/> -- knight armor :: Arm 12
        <item id="2149" countmax="3" chance1="10000" chancemax="0"/> -- small emerald
        <item id="2148" countmax="50" chance1="100000" chancemax="0"/> -- gold coin
        <item id="2536" chance="5550"/> -- medusa shield :: Def 33
        <item id="2214" chance="25000"/> -- ring of healing
        <item id="2197" chance="8000"/> -- stone skin amulet
      </inside>
    </item>
  </loot>
</monster>
