<?xml version="1.0" encoding="UTF-8"?>
<monster name="lucifer" nameDescription="a lucifer" race="fire" experience="105000" speed="480" manacost="10000">
  <health now="105000" max="105000"/>
  <look type="35" corpse="2916"/>
  <targetchange interval="5000" chance="8"/>
  <strategy attack="100" defense="0"/>
  <flags>
    <flag summonable="0"/>
    <flag attackable="1"/>
    <flag hostile="1"/>
    <flag illusionable="0"/>
    <flag convinceable="0"/>
    <flag pushable="0"/>
    <flag canpushitems="1"/>
    <flag canpushcreatures="1"/>
    <flag targetdistance="1"/>
    <flag staticattack="90"/>
    <flag runonhealth="0"/>
  </flags>
  <attacks>
    <attack name="melee" interval="2000" skill="140" attack="160"/>
    <attack name="physical" interval="2000" chance="20" range="7" min="-400" max="-880">
      <attribute key="shootEffect" value="largerock"/>
    </attack>
    <attack name="manadrain" interval="3000" chance="23" range="7" min="-480" max="-700"/>

    <attack name="fire" interval="2000" chance="29" range="7" radius="7" target="1" min="-320" max="-660">
      <attribute key="shootEffect" value="fire"/>
      <attribute key="areaEffect" value="firearea"/>
    </attack>

    <attack name="firefield" interval="1000" chance="15" range="7" radius="1" target="1">
      <attribute key="shootEffect" value="fire"/>
    </attack>
  </attacks>
  <defenses armor="15" defense="15">
    <defense name="speed" interval="2000" chance="15" speedchange="850" duration="5000">
      <attribute key="areaEffect" value="redshimmer"/>
    </defense>
    <defense name="healing" interval="2000" chance="10" min="550" max="750">
      <attribute key="areaEffect" value="blueshimmer"/>
    </defense>
  </defenses>
  <elements>
    <element physicalPercent="20"/>
    <element firePercent="30"/>
    <element icePercent="10"/>
    <element earthPercent="20"/>
    <element energyPercent="-10"/>
    <element holyPercent="-5"/>
  </elements>
  <immunities>
    <immunity paralyze="1"/>
    <immunity invisible="1"/>
  </immunities>
  <voices interval="5000" chance="30">
    <voice sentence="WAHHHH!" yell="1"/>
    <voice sentence="RAAARRR!" yell="1"/>
    <voice sentence="GRRRRRR!" yell="1"/>
  </voices>
  <loot>
    <item id="2514" chance="30000"/> -- mastermind shield :: Def 37
    <item id="2432" chance="30000"/> -- fire axe :: Def 16 :: Atk 38
    <item id="2472" chance="30000"/> -- magic plate armor :: Arm 17
    <item id="2470" chance="30000"/> -- golden legs :: Arm 9
    <item id="2520" chance="30000"/> -- demon shield :: Def 35
    <item id="2432" chance="12000"/><!-- 12% 2432 fire axe -->
    <item id="2195" chance="18000"/><!-- 18% 2195 boots of haste -->
  </loot>
</monster>
