<?xml version="1.0" encoding="UTF-8"?>
<monster name="Braindeath" nameDescription="a braindeath" race="undead" experience="985" speed="270" manacost="0">
	<health now="1225" max="1225"/>
  <look type="17" head="20" body="30" legs="40" feet="50" corpse="2908"/>
	<targetchange interval="5000" chance="8"/>
	<strategy attack="100" defense="0"/>
	<flags>
		<flag summonable="0"/>
		<flag attackable="1"/>
		<flag hostile="1"/>
		<flag illusionable="1"/>
		<flag convinceable="0"/>
		<flag pushable="0"/>
		<flag canpushitems="1"/>
		<flag canpushcreatures="0"/>
		<flag targetdistance="5"/>
		<flag staticattack="90"/>
		<flag runonhealth="0"/>
	</flags>
	<attacks>
		<attack name="melee" interval="2000" skill="30" attack="50"/>
				<attack name="physical" interval="2000" chance="15" range="7" min="-80" max="-170">
			<attribute key="areaEffect" value="mortarea"/>
		</attack>
		<attack name="fire" interval="2000" chance="25" range="7" min="-65" max="-125">
			<attribute key="shootEffect" value="fire"/>
		</attack>
		<attack name="poison" interval="2000" chance="25" range="7" min="-65" max="-125">
			<attribute key="shootEffect" value="poison"/>
		</attack>
		<attack name="energy" interval="2000" chance="15" range="7" min="-80" max="-170">
			<attribute key="shootEffect" value="energy"/>
		</attack>
		<attack name="manadrain" interval="2000" chance="20" range="7" min="-70" max="-155">
			<attribute key="areaEffect" value="redshimmer"/>
		</attack>
		<attack name="speed" interval="2000" chance="20" range="7" speedchange="-600" duration="20000">
			<attribute key="areaEffect" value="redshimmer"/>
		</attack>
	</attacks>
	<defenses armor="13" defense="26">
		<defense name="healing" interval="2000" chance="20" min="100" max="300">
			<attribute key="areaEffect" value="energy"/>
		</defense>
	</defenses>
		<elements>

		<element physicalPercent="15"/>
		<element energyPercent="10"/>

		<element firePercent="-15"/>
	</elements>
	<immunities>

		<immunity invisible="1"/>
	</immunities>
	<summons maxSummons="3">
		<summon name="Vampire" interval="2000" chance="10" max="3"/>
	</summons>
	<voices interval="5000" chance="10">
		<voice sentence="You have disturbed my thoughts!"/>
		<voice sentence="Let me turn you into something more useful!"/>
		<voice sentence="Let me taste your brain!"/>
		<voice sentence="You will be punished!"/>
	</voices>
	<loot>
    <item id="2148" countmax="84" chance="46100" /><!-- gold coin -->
    <item id="2423" chance="3525" /><!-- clerical mace -->

    <item id="2509" chance="4900" /><!-- steel shield -->

    <item id="1987" chance="100000"><!-- bag -->
        <inside>
            <item id="2450" chance="20225" /><!-- bone sword -->
            <item id="2175" chance="950" /><!-- spellbook -->
            <item id="2518" chance="725" /><!-- beholder shield -->

        </inside>
    </item>
</loot>


















</monster>
