<?xml version="1.0" encoding="UTF-8"?>
<monster name="Crystal Spider" nameDescription="a crystal spider" race="undead" experience="900" speed="340" manacost="0">
	<health now="1250" max="1250"/>
  <look type="38" head="0" body="0" legs="0" feet="0" corpse="2857"/>
	<targetchange speed="20000" chance="8"/>
	<strategy attack="100" defense="0"/>
	<flags>
		<flag summonable="0"/>
		<flag attackable="1"/>
		<flag hostile="1"/>
		<flag illusionable="1"/>
		<flag convinceable="0"/>
		<flag pushable="0"/>
		<flag canpushitems="1"/>
		<flag staticattack="60"/>
		<flag lightlevel="0"/>
		<flag lightcolor="0"/>
		<flag targetdistance="1"/>
		<flag runonhealth="0"/>
	</flags>
	<attacks>
		<attack name="melee" interval="2000" skill="40" attack="100" poison="160"/>
		<attack name="physical" interval="2000" chance="12" range="7" min="-50" max="-100">
  <attribute key="areaEffect" value="blackspark"/>

		</attack> 
		<attack name="speed" interval="2000" chance="10" range="7" radius="4" target="0" speedchange="-600">
		<attribute key="areaEffect" value="blackspark"/>
		</attack>
		<attack name="speed" interval="2000" chance="14" range="7" target="1" speedchange="-260" duration="5000">
			<attribute key="areaEffect" value="poff"/>
		</attack>
	</attacks>
	<defenses armor="25" defense="20">
		<defense name="speed" interval="2000" chance="11" speedchange="380" duration="5000">
			<attribute key="areaEffect" value="redshimmer"/>
		</defense>
	</defenses>
	<elements>
		<element energyPercent="-20"/>
	</elements>
	<immunities>
		<immunity paralyze="1"/>
		<immunity invisible="1"/>
	</immunities>
	<voices interval="2000" chance="5">
		<voice sentence="Screeech!"/>
	</voices>
	<loot>
    <item id="2148" countmax="98" chance="27500" /><!-- gold coin -->
    <item id="2463" chance="10600" /><!-- plate armor -->

    <item id="2457" chance="5375" /><!-- steel helmet -->

    <item id="2478" chance="8550" /><!-- brass legs -->
    <item id="2476" chance="875" /><!-- knight armor -->

    <item id="1987" chance="100000"><!-- bag -->
        <inside>

            <item id="2169" chance="1225" /><!-- time ring -->
            <item id="2477" chance="825" /><!-- knight legs -->

            <item id="2171" chance="600" /><!-- platinum amulet -->

        </inside>
    </item>
</loot>


















</monster>
