<?xml version="1.0" encoding="UTF-8"?>
<monster name="deaththrower" nameDescription="a deaththrower" race="undead" experience="0" speed="0" manacost="0">
  <health now="9950" max="9950"/>
  <look typeex="1551"/>
  <targetchange interval="5000" chance="20"/>
  <strategy attack="100" defense="0"/>
  <flags>
    <flag summonable="0"/>
    <flag attackable="0"/>
    <flag hostile="1"/>
    <flag illusionable="0"/>
    <flag convinceable="0"/>
    <flag pushable="0"/>
    <flag canpushitems="0"/>
    <flag canpushcreatures="1"/>
    <flag targetdistance="1"/>
    <flag staticattack="90"/>
    <flag runonhealth="100"/>
    <flag hidehealth="1"/>
  </flags>
  <attacks>
    <attack name="physical" interval="2000" chance="100" range="7">
  <attribute key="areaEffect" value="blackspark"/>
	  
    </attack>
  </attacks>
  <defenses armor="1" defense="1"/>
  <immunities>

    <immunity invisible="1"/>
  </immunities>
  <loot>
    <item id="2148" countmax="20" chance1="100000" chancemax="0"/>
  </loot>
</monster>
