<?xml version="1.0" encoding="UTF-8"?>
<monster name="Eye of the Seven" nameDescription="an eye of the seven" race="venom" experience="0" speed="0" manacost="0">
	<health now="1" max="1"/>
	<look typeex="1560"/>
	<targetchange interval="5000" chance="20"/>
	<strategy attack="100" defense="0"/>
	<flags>
		<flag summonable="0"/>
		<flag attackable="0"/>
		<flag hostile="1"/>
		<flag illusionable="0"/>
		<flag convinceable="0"/>
		<flag pushable="0"/>
		<flag canpushitems="0"/>
		<flag canpushcreatures="1"/>
		<flag targetdistance="1"/>
		<flag staticattack="90"/>
		<flag runonhealth="0"/>
	</flags>
	<attacks>
		<attack name="lifedrain" interval="2000" chance="80" range="7" min="0" max="-500">
		<attribute key="areaEffect" value="redshimmer"/>
		</attack>
	</attacks>
	<defenses armor="1" defense="1"/>
	<immunities>

		<immunity invisible="0"/>
	</immunities>
</monster>
