<?xml version="1.0" encoding="UTF-8"?>
<monster name="Golgordan" nameDescription="golgordan" race="fire" experience="10000" speed="390" manacost="0">
	<health now="40000" max="40000"/>
  <look type="35" corpse="2916"/>
	<targetchange interval="7000" chance="10"/>
	<strategy attack="90" defense="10"/>
	<flags>
		<flag summonable="0"/>
		<flag attackable="1"/>
		<flag hostile="1"/>
		<flag illusionable="0"/>
		<flag convinceable="0"/>
		<flag pushable="0"/>
		<flag canpushitems="1"/>
		<flag canpushcreatures="1"/>
		<flag targetdistance="1"/>
		<flag staticattack="85"/>
		<flag runonhealth="0"/>
	</flags>
	<attacks>
    <attack name="melee" interval="2000" min="-140" max="-490"/>
		<attack name="fire" interval="2000" chance="40" radius="7" target="1" min="-50" max="-200">
			<attribute key="areaEffect" value="firearea"/>
		</attack>
		<attack name="poisoncondition" interval="2000" chance="40" length="6" spread="0" min="-100" max="-100">
			<attribute key="areaEffect" value="poison"/>
		</attack>	
		<attack name="physical" interval="2000" chance="25" length="6" spread="0" min="-250" max="-470">
			<attribute key="areaEffect" value="mortarea"/>
		</attack>		
		<attack name="physical" interval="2000" chance="35" target="1" min="-50" max="-400">
			<attribute key="areaEffect" value="mortarea"/>
		</attack>
		<attack name="fire" interval="2000" chance="30" length="6" spread="0" min="-50" max="-400">
			<attribute key="areaEffect" value="firearea"/>
		</attack>
	</attacks>
	<defenses armor="48" defense="54"/>
	<elements>

	</elements>
	<immunities>
		<immunity invisible="1"/>
	</immunities>
	<voices interval="5000" chance="10">
		<voice sentence="Latrivan your fool" yell="1"/>
	</voices>
		<loot>
    <item id="2148" countmax="100" chance="53650" /><!-- gold coin -->
    <item id="2148" countmax="100" chance="53650" /><!-- gold coin -->
    <item id="2148" countmax="57" chance="53650" /><!-- gold coin -->
    <item id="2197" chance="10175" /><!-- stone skin amulet -->
    <item id="2165" chance="15550" /><!-- stealth ring -->
    <item id="2432" chance="11250" /><!-- fire axe -->
    <item id="2149" countmax="10" chance="9000" /><!-- small emerald -->
    <item id="2182" chance="6950" /><!-- snakebite rod -->
    <item id="6300" chance="9100" /><!-- death ring -->
    <item id="2146" countmax="8" chance="5475" /><!-- small sapphire -->
    <item id="1988" chance="100000"><!-- bag -->
        <inside>
            <item id="2387" chance="25225" /><!-- double axe -->

            <item id="2162" chance="18775" /><!-- magic light wand -->
            <item id="2402" chance="11250" /><!-- silver dagger -->

            <item id="2186" chance="3725" /><!-- moonlight rod -->
            <item id="2170" chance="19850" /><!-- silver amulet -->
            <item id="2167" chance="15550" /><!-- energy ring -->
            <item id="2144" countmax="15" chance="6725" /><!-- black pearl -->
            <item id="2143" countmax="13" chance="8200" /><!-- white pearl -->
            <item id="2200" chance="10175" /><!-- protection amulet -->
            <item id="2214" chance="27375" /><!-- ring of healing -->
            <item id="2150" countmax="20" chance="8400" /><!-- small amethyst -->
            <item id="2393" chance="8025" /><!-- giant sword -->

            <item id="2185" chance="4800" /><!-- necrotic rod -->
            <item id="2192" chance="1575" /><!-- crystal ball -->
            <item id="2164" chance="3725" /><!-- might ring -->
            <item id="2462" chance="3725" /><!-- devil helmet -->
            <item id="2179" chance="9100" /><!-- gold ring -->
            <item id="2145" countmax="5" chance="11475" /><!-- small diamond -->
            <item id="2396" chance="9100" /><!-- ice rapier -->

            <item id="2436" chance="2650" /><!-- skull staff -->
            <item id="2158" chance="1575" /><!-- blue gem -->
            <item id="2155" chance="4800" /><!-- green gem -->
            <item id="2520" chance="8025" /><!-- demon shield -->
            <item id="2171" chance="1575" /><!-- platinum amulet -->
            <item id="2195" chance="2650" /><!-- boots of haste -->
            <item id="2178" chance="4800" /><!-- mind stone -->

        </inside>
    </item>
</loot>



















</monster>
