<?xml version="1.0" encoding="UTF-8"?>
<monster name="Hellgorak" nameDescription="a hellgorak" race="blood" experience="10000" speed="330" manacost="0">
	<health now="30000" max="30000"/>
  <look type="35" corpse="2916"/>
	<targetchange interval="5000" chance="8"/>
	<strategy attack="100" defense="0"/>
	<flags>
		<flag summonable="0"/>
		<flag attackable="1"/>
		<flag hostile="1"/>
		<flag illusionable="0"/>
		<flag convinceable="0"/>
		<flag pushable="0"/>
		<flag canpushitems="1"/>
		<flag canpushcreatures="1"/>
		<flag targetdistance="1"/>
		<flag staticattack="85"/>
		<flag runonhealth="0"/>
	</flags>

	<attacks>
    <attack name="melee" interval="2000" min="-140" max="-490"/>
		<attack name="energy" interval="2000" chance="20" length="8" spread="0" max="-450">
			      <attribute key="areaEffect" value="redshimmer"/>
		</attack>
		<attack name="fire" interval="2000" chance="30" radius="5" target="1" max="-400">
			<attribute key="areaEffect" value="firearea"/>
		</attack>
		<attack name="energy" interval="2000" chance="40" range="1" target="1" min="-200" max="-400">
      <attribute key="areaEffect" value="redshimmer"/>
		</attack>
		<attack name="skills" interval="2000" chance="35" radius="6" target="10" distance="-60">
			<attribute key="areaEffect" value="poff"/>
		</attack>
	</attacks>
	<defenses armor="70" defense="65"/>
	<elements>
	</elements>
	<immunities>
		<immunity paralyze="1"/>
		<immunity invisible="1"/>
	</immunities>
	<voices interval="5000" chance="0">
		<voice sentence="I'll sacrifice yours souls to seven!"/>
		<voice sentence="I'm bad news for you mortals!"/>
		<voice sentence="No man can defeat me!"/>
		<voice sentence="Your puny skills are no match for me."/>
		<voice sentence="I smell your fear."/>
		<voice sentence="Delicious!"/>
	</voices>
	<loot>
    <item id="2148" countmax="100" chance="47350" /><!-- gold coin -->
    <item id="2148" countmax="100" chance="47350" /><!-- gold coin -->
    <item id="2488" chance="10900" /><!-- crown legs -->

    <item id="2149" countmax="25" chance="6700" /><!-- small emerald -->
    <item id="3962" chance="30200" /><!-- beastslayer axe -->

    <item id="1988" chance="100000"><!-- bag -->
        <inside>
            <item id="2645" chance="10100" /><!-- steel boots -->

            <item id="2147" countmax="25" chance="7050" /><!-- small ruby -->
            <item id="2487" chance="21400" /><!-- crown armor -->
            <item id="2150" countmax="25" chance="7525" /><!-- small amethyst -->


            <item id="2152" countmax="30" chance="10500" /><!-- platinum coin -->
            <item id="2133" chance="10200" /><!-- ruby necklace -->

            <item id="2656" chance="9400" /><!-- blue robe -->
            <item id="2466" chance="4350" /><!-- golden armor -->

            <item id="2477" chance="10900" /><!-- knight legs -->

            <item id="2143" countmax="25" chance="7425" /><!-- white pearl -->
            <item id="2144" countmax="25" chance="7000" /><!-- black pearl -->

            <item id="2197" chance="13425" /><!-- stone skin amulet -->
            <item id="2146" countmax="25" chance="6300" /><!-- small sapphire -->
            <item id="2125" chance="15950" /><!-- crystal necklace -->
            <item id="2145" countmax="25" chance="7625" /><!-- small diamond -->

            <item id="2470" chance="4350" /><!-- golden legs -->
            <item id="2130" chance="10100" /><!-- golden amulet -->

            <item id="2136" chance="1200" /><!-- demonbone amulet -->
           
            <item id="2415" chance="700" /><!-- great axe -->
        </inside>
    </item>
</loot>




















</monster>
