<?xml version="1.0" encoding="UTF-8"?>
<monster name="Latrivan" nameDescription="a latrivan" race="fire" experience="10000" speed="390" manacost="0">
	<health now="25000" max="25000"/>
  <look type="35" corpse="2916"/>
	<targetchange interval="5000" chance="8"/>
	<strategy attack="80" defense="20"/>
	<flags>
		<flag summonable="0"/>
		<flag attackable="1"/>
		<flag hostile="1"/>
		<flag illusionable="0"/>
		<flag convinceable="0"/>
		<flag pushable="0"/>
		<flag canpushitems="1"/>
		<flag canpushcreatures="1"/>
		<flag targetdistance="1"/>
		<flag staticattack="85"/>
		<flag runonhealth="0"/>
	</flags>
	<attacks>
    <attack name="melee" interval="2000" min="-140" max="-490"/>
		<attack name="fire" interval="2000" chance="30" length="7" spread="3" min="-50" max="-450">
			<attribute key="areaEffect" value="firearea"/>
		</attack>
		<attack name="fire" interval="2000" chance="40" length="7" spread="0" min="-50" max="-250">
			<attribute key="areaEffect" value="firearea"/>
		</attack>
		<attack name="physical" interval="2000" chance="40" range="3" min="-50" max="-400">
			<attribute key="areaEffect" value="mortarea"/>
		</attack>
		<attack name="physical" interval="2000" chance="10" target="0" radius="1" min="-50" max="-165">
			<attribute key="areaEffect" value="firearea"/>
		</attack>
	</attacks>
	<defenses armor="35" defense="45"/>
	<elements>

	</elements>
	<immunities>
		<immunity invisible="1"/>
	</immunities>
	<voices interval="5000" chance="10">
		<voice sentence="I might reward you for killing my brother ~ with a swift dead!" yell="1"/>
	</voices>
	<loot>
    <item id="2150" countmax="20" chance="9325" /><!-- small amethyst -->
    <item id="2148" countmax="100" chance="49400" /><!-- gold coin -->
    <item id="2148" countmax="100" chance="49400" /><!-- gold coin -->
    <item id="2148" countmax="82" chance="49400" /><!-- gold coin -->
    <item id="2179" chance="18925" /><!-- gold ring -->
    <item id="2432" chance="10150" /><!-- fire axe -->

    <item id="2197" chance="12775" /><!-- stone skin amulet -->
    <item id="2214" chance="22425" /><!-- ring of healing -->
    <item id="1988" chance="100000"><!-- bag -->
        <inside>
            <item id="2387" chance="21550" /><!-- double axe -->
            <item id="2178" chance="3125" /><!-- mind stone -->
            <item id="2162" chance="27700" /><!-- magic light wand -->
            <item id="2143" countmax="12" chance="8975" /><!-- white pearl -->

            <item id="2149" countmax="10" chance="10400" /><!-- small emerald -->

            <item id="2144" countmax="15" chance="7050" /><!-- black pearl -->
            <item id="2146" countmax="10" chance="8575" /><!-- small sapphire -->
            <item id="2164" chance="5750" /><!-- might ring -->
            <item id="2402" chance="13650" /><!-- silver dagger -->
            <item id="2165" chance="19800" /><!-- stealth ring -->

            <item id="2396" chance="5750" /><!-- ice rapier -->
            <item id="2195" chance="7525" /><!-- boots of haste -->
            <item id="2145" countmax="5" chance="4000" /><!-- small diamond -->
            <item id="2393" chance="8400" /><!-- giant sword -->
            <item id="2185" chance="4000" /><!-- necrotic rod -->
            <item id="2170" chance="18050" /><!-- silver amulet -->
            <item id="2167" chance="8400" /><!-- energy ring -->

            <item id="2520" chance="5750" /><!-- demon shield -->
            <item id="2192" chance="4000" /><!-- crystal ball -->

            <item id="2462" chance="6650" /><!-- devil helmet -->
            <item id="2436" chance="4900" /><!-- skull staff -->
            <item id="2200" chance="4000" /><!-- protection amulet -->
            <item id="2158" chance="1375" /><!-- blue gem -->
            <item id="2186" chance="2250" /><!-- moonlight rod -->
            <item id="2182" chance="1375" /><!-- snakebite rod -->
        </inside>
    </item>
</loot>



















</monster>
