<?xml version="1.0" encoding="UTF-8"?>
<monster name="Madareth" nameDescription="madareth" race="fire" experience="10000" speed="330" manacost="0">
	<health now="75000" max="75000"/>
  <look type="35" corpse="2916"/>
	<targetchange interval="5000" chance="8"/>
	<strategy attack="100" defense="0"/>
	<flags>
		<flag summonable="0"/>
		<flag attackable="1"/>
		<flag hostile="1"/>
		<flag illusionable="0"/>
		<flag convinceable="0"/>
		<flag pushable="0"/>
		<flag canpushitems="1"/>
		<flag canpushcreatures="1"/>
		<flag targetdistance="1"/>
		<flag staticattack="85"/>
		<flag runonhealth="0"/>
	</flags>
	<attacks>
    <attack name="melee" interval="2000" min="-140" max="-490"/>
		<attack name="energy" interval="2000" chance="40" range="3" target="1" min="-180" max="-460">
      <attribute key="areaEffect" value="redshimmer"/>
		</attack>
		<attack name="physical" interval="2000" chance="30" length="8" spread="0" min="-600" max="-450">
			<attribute key="areaEffect" value="mortarea"/>
		</attack>
		<attack name="skills" interval="2000" chance="20" length="8" spread="3" distance="-60%" duration="20000">
			<attribute key="areaEffect" value="poff"/>
		</attack>
		<attack name="manadrain" interval="2000" chance="25" target="1" spread="1" min="-250" max="-450">
			<attribute key="areaEffect" value="energyarea"/>
		</attack>
		<attack name="manadrain" interval="2000" chance="10" range="7" target="1" radius="5" min="-0" max="-225">
			<attribute key="areaEffect" value="energyarea"/>
		</attack>
	</attacks>
	<defenses armor="48" defense="46"/>
	<elements>

	</elements>
	<immunities>
		<immunity energy="1"/>
		<immunity invisible="1"/>
		<immunity paralyze="1"/>
	</immunities>
	<voices interval="3000" chance="5">
		<voice sentence="I am going to play with yourself!" yell="1"/>
	</voices>
	<loot>
    <item id="2148" countmax="100" chance="45900" /><!-- gold coin -->
    <item id="2148" countmax="54" chance="45900" /><!-- gold coin -->


    <item id="2183" chance="23575" /><!-- hailstorm rod -->

    <item id="2169" chance="6900" /><!-- time ring -->
    <item id="1988" chance="100000"><!-- bag -->
        <inside>

            <item id="2152" countmax="30" chance="16875" /><!-- platinum coin -->

            <item id="2396" chance="17175" /><!-- ice rapier -->

            <item id="2071" chance="14600" /><!-- lyre -->

            <item id="2207" chance="9475" /><!-- sword ring -->
            <item id="2072" chance="9475" /><!-- lute -->
            <item id="2214" chance="14600" /><!-- ring of healing -->
            <item id="3953" chance="14600" /><!-- war drum -->
            <item id="2187" chance="13325" /><!-- wand of inferno -->
            <item id="2377" chance="18450" /><!-- two handed sword -->

            <item id="2208" chance="9475" /><!-- axe ring -->

            <item id="2168" chance="17175" /><!-- life ring -->

            <item id="2213" chance="10750" /><!-- dwarven ring -->

            <item id="3952" chance="4350" /><!-- didgeridoo -->

            <item id="2374" chance="6900" /><!-- wooden flute -->
            <item id="3957" chance="4350" /><!-- war horn -->
            <item id="2209" chance="6900" /><!-- club ring -->

        </inside>
    </item>
</loot>



















</monster>
