<?xml version="1.0" encoding="UTF-8"?>
<monster name="Massive Water Elemental" nameDescription="a massive water elemental" race="undead" experience="800" speed="500" manacost="0">
	<health now="1250" max="1250"/>
  <look type="53" head="20" body="30" legs="40" feet="50" corpse="2928"/>
	<targetchange interval="5000" chance="8"/>
	<strategy attack="100" defense="0"/>
	<flags>
		<flag summonable="0"/>
		<flag attackable="1"/>
		<flag hostile="1"/>
		<flag illusionable="0"/>
		<flag convinceable="0"/>
		<flag pushable="0"/>
		<flag canpushitems="1"/>
		<flag canpushcreatures="1"/>
		<flag staticattack="90"/>
		<flag targetdistance="1"/>
		<flag runonhealth="0"/>
	</flags>
	<attacks>
		<attack name="melee" interval="2000" skill="40" attack="80" poison="300"/>
		<attack name="poisonfield" interval="2000" chance="11" range="7" target="1" radius="3">
			<attribute key="shootEffect" value="poison"/>
		</attack>
		<attack name="poisoncondition" interval="2000" chance="12" length="8" spread="3" min="-20" max="-420">
			<attribute key="shootEffect" value="poison"/>
			<attribute key="areaEffect" value="poison"/>
		</attack>
		<attack name="physical" interval="2000" chance="15" range="10" min="-170" max="-210">
  <attribute key="areaEffect" value="blackspark"/>
		</attack> 	
	</attacks>
	<defenses armor="20" defense="22">
		<defense name="healing" interval="2000" chance="15" min="100" max="150">
			<attribute key="areaEffect" value="blueshimmer"/>
		</defense>
	</defenses>
	<elements>
		<element firePercent="100"/>

		<element physicalPercent="40"/>

		<element deathPercent="50"/>
		<element energyPercent="-25"/>
	</elements>
	<immunities>
		<immunity paralyze="1"/>
		<immunity invisible="1"/>

	</immunities>
</monster>
