<?xml version="1.0" encoding="UTF-8"?>
<monster name="Quara Predator" nameDescription="a quara predator" race="blood" experience="1600" speed="520" manacost="0">
	<health now="2200" max="2200"/>
	<look type="79" head="20" body="30" legs="40" feet="50" corpse="3004"/>
	<targetchange interval="5000" chance="8"/>
	<strategy attack="100" defense="0"/>
	<flags>
		<flag summonable="0"/>
		<flag attackable="1"/>
		<flag hostile="1"/>
		<flag illusionable="0"/>
		<flag convinceable="0"/>
		<flag pushable="0"/>
		<flag canpushitems="1"/>
		<flag canpushcreatures="1"/>
		<flag staticattack="90"/>
		<flag targetdistance="1"/>
		<flag runonhealth="0"/>
	</flags>
	<attacks>
		<attack name="melee" interval="2000" skill="30" attack="235"/>
	</attacks>
	<defenses armor="40" defense="45">
		<defense name="speed" interval="2000" chance="15" speedchange="210">
			<attribute key="areaEffect" value="greenshimmer"/>
		</defense>
		<defense name="healing" interval="2000" chance="12" min="200" max="240">
			<attribute key="areaEffect" value="blueshimmer"/>
		</defense>
	</defenses>
	<elements>
		<element firePercent="100"/>

		<element energyPercent="-25"/>
	</elements>
	<immunities>

		<immunity invisible="1"/>

	</immunities>
	<voices interval="5000" chance="10">
		<voice sentence="Rrrah!"/>
		<voice sentence="Rraaar!"/>
	</voices>
	<loot>
    <item id="2148" countmax="100" chance="23325" /><!-- gold coin -->
    <item id="2148" countmax="58" chance="23325" /><!-- gold coin -->

    <item id="2387" chance="30675" /><!-- double axe -->

    <item id="2226" chance="10725" /><!-- fishbone -->
    <item id="2145" chance="5425" /><!-- small diamond -->
    <item id="1987" chance="100000"><!-- bag -->
        <inside>

            <item id="2670" chance="5400" /><!-- shrimp -->


            <item id="2473" chance="5475" /><!-- viking helmet -->
        </inside>
    </item>
</loot>



















</monster>
