<?xml version="1.0" encoding="UTF-8"?>
<monster name="Quara Hydromancer" nameDescription="a quara hydromancer" race="blood" experience="800" speed="520" manacost="0">
	<health now="1100" max="1100"/>
  <look type="108" head="20" body="30" legs="40" feet="50" corpse="3052"/>
	<targetchange interval="5000" chance="8"/>
	<strategy attack="100" defense="0"/>
	<flags>
		<flag summonable="0"/>
		<flag attackable="1"/>
		<flag hostile="1"/>
		<flag illusionable="0"/>
		<flag convinceable="0"/>
		<flag pushable="0"/>
		<flag canpushitems="1"/>
		<flag canpushcreatures="1"/>
		<flag staticattack="90"/>
		<flag targetdistance="1"/>
		<flag runonhealth="30"/>
	</flags>
	<attacks>
		<attack name="melee" interval="2000" skill="30" attack="40" poison="100"/>
		<attack name="physical" interval="2000" chance="9" length="8" spread="0" min="-100" max="-180">
  <attribute key="areaEffect" value="blackspark"/>
		</attack>
		<attack name="physical" interval="2000" chance="12" radius="3" target="0" min="-90" max="-150">
  <attribute key="areaEffect" value="blackspark"/>
		</attack>
		<attack name="lifedrain" interval="2000" chance="7" length="8" spread="3" min="-170" max="-240">
			<attribute key="areaEffect" value="greenshimmer"/>
		</attack>	
		<attack name="lifedrain" interval="2000" chance="8" range="7" target="1" min="-0" max="-170">
			<attribute key="areaEffect" value="redshimmer"/>
		</attack>	
			<attack name="speed" interval="2000" chance="10" range="7" speedchange="-600" duration="5000">
		</attack>	
	</attacks>
	<defenses armor="15" defense="18">
	<defense name="healing" interval="2000" chance="10" min="100" max="120">
  <attribute key="areaEffect" value="blackspark"/>
		</defense>	
	</defenses>
	<elements>
		<element firePercent="100"/>

		<element energyPercent="-25"/>
	</elements>
	<immunities>

		<immunity paralyze="1"/>
		<immunity invisible="1"/>

	</immunities>
	<voices interval="5000" chance="10">
		<voice sentence="Qua hah tsh!"/>
		<voice sentence="Teech tsha tshul!"/>
		<voice sentence="Quara tsha Fach!"/>
		<voice sentence="Tssssha Quara!"/>
		<voice sentence="Blubber."/>
		<voice sentence="Blup."/>
	</voices>
	<loot>
    <item id="2401" chance="10675" /><!-- staff -->
    <item id="2670" chance="5450" /><!-- shrimp -->
    <item id="2148" countmax="88" chance="24175" /><!-- gold coin -->
    <item id="2144" chance="2400" /><!-- black pearl -->
    <item id="2240" chance="5125" /><!-- remains of a fish -->
    <item id="2149" chance="1475" /><!-- small emerald -->
    <item id="2214" chance="950" /><!-- ring of healing -->
    <item id="1987" chance="100000"><!-- bag -->
        <inside>
            <item id="2189" chance="1450" /><!-- wand of cosmic energy -->
            <item id="2143" chance="2450" /><!-- white pearl -->
            <item id="2476" chance="875" /><!-- knight armor -->

        </inside>
    </item>
</loot>



















</monster>
