<?xml version="1.0" encoding="UTF-8"?>
<monster name="Quara Pincher" nameDescription="a quara pincher" race="blood" experience="1200" speed="540" manacost="0">
	<health now="1800" max="1800"/>
  <look type="83" head="20" body="30" legs="40" feet="50" corpse="3013"/>
	<targetchange interval="5000" chance="8"/>
	<strategy attack="100" defense="0"/>
	<flags>
		<flag summonable="0"/>
		<flag attackable="1"/>
		<flag hostile="1"/>
		<flag illusionable="0"/>
		<flag convinceable="0"/>
		<flag pushable="0"/>
		<flag canpushitems="1"/>
		<flag canpushcreatures="0"/>
		<flag staticattack="90"/>
		<flag targetdistance="1"/>
		<flag runonhealth="0"/>
	</flags>
	<attacks>
		<attack name="melee" interval="2000" skill="75" attack="80"/>
		<attack name="speed" interval="2000" chance="12" range="1" speedchange="-600" duration="3000">
			<attribute key="areaEffect" value="redshimmer"/>
		</attack>
	</attacks>
	<defenses armor="18" defense="25"/>
	<elements>
		<element firePercent="100"/>

		<element energyPercent="-25"/>
	</elements>
	<immunities>

		<immunity invisible="1"/>

	</immunities>
	<voices interval="5000" chance="10">
		<voice sentence="Clank clank!"/>
		<voice sentence="Clap!"/>
		<voice sentence="Crrrk! Crrrk!"/>
	</voices>
	<loot>
    <item id="2148" countmax="100" chance="19600" /><!-- gold coin -->
    <item id="2148" countmax="28" chance="19600" /><!-- gold coin -->
    <item id="2398" chance="10500" /><!-- mace -->
    <item id="2381" chance="20625" /><!-- halberd -->
    <item id="2670" chance="5425" /><!-- shrimp -->
    <item id="2394" chance="5425" /><!-- morning star -->
    <item id="2475" chance="1550" /><!-- warrior helmet -->
    <item id="2147" chance="5475" /><!-- small ruby -->
    <item id="1987" chance="100000"><!-- bag -->
        <inside>

            <item id="2487" chance="825" /><!-- crown armor -->
        </inside>
    </item>
</loot>



















</monster>
