<?xml version="1.0" encoding="UTF-8"?>
<monster name="Ushuriel" nameDescription="ushuriel" race="fire" experience="10000" speed="440" manacost="0">
	<health now="40000" max="40000"/>
  <look type="35" corpse="2916"/>
	<targetchange interval="5000" chance="8"/>
	<strategy attack="100" defense="0"/>
	<flags>
		<flag summonable="0"/>
		<flag attackable="1"/>
		<flag hostile="1"/>
		<flag illusionable="0"/>
		<flag convinceable="0"/>
		<flag pushable="0"/>
		<flag canpushitems="1"/>
		<flag canpushcreatures="1"/>
		<flag targetdistance="1"/>
		<flag staticattack="85"/>
		<flag runonhealth="0"/>
	</flags>
	<attacks>
    <attack name="melee" interval="2000" min="-140" max="-490"/>
		<attack name="physical" interval="2000" chance="9" length="8" spread="0" min="-0" max="-400">
			<attribute key="areaEffect" value="mortarea"/>
		</attack>	
		<attack name="physical" interval="2000" chance="11" target="0" length="8" spread="3" min="0" max="-430">
			<attribute key="areaEffect" value="mortarea"/>
		</attack>		
		<attack name="physical" interval="2000" chance="7" radius="4" target="1" min="-0" max="-460">
			<attribute key="areaEffect" value="mortarea"/>
		</attack>	
		<attack name="energycondition" interval="2000" chance="15" radius="4" target="0" min="-250" max="-250">
			<attribute key="areaEffect" value="energy"/>
		</attack>		
		<attack name="drunk" interval="2000" chance="12" radius="6" target="0">
			<attribute key="areaEffect" value="purplenote"/>
		</attack>		
		<attack name="poison" interval="2000" chance="8" length="8" spread="0" min="-0" max="-485">
			<attribute key="areaEffect" value="poison"/>
		</attack>
	</attacks>
	<defenses armor="50" defense="45">
		<defense name="healing" interval="2000" chance="20" min="300" max="500">
			<attribute key="areaEffect" value="greenshimmer"/>
		</defense>
	</defenses>
	<elements>

	</elements>
	<immunities>
		<immunity paralyze="1"/>
		<immunity invisible="1"/>
	</immunities>
	<loot>
    <item id="2148" countmax="100" chance="52200" /><!-- gold coin -->
    <item id="2148" countmax="91" chance="52200" /><!-- gold coin -->
    <item id="6500" chance="100500" /><!-- demonic essence -->
    <item id="2789" countmax="30" chance="55500" /><!-- brown mushroom -->
    <item id="5880" chance="48250" /><!-- iron ore -->
    <item id="7417" chance="11925" /><!-- runed sword -->
    <item id="2498" chance="20925" /><!-- royal helmet -->
    <item id="2178" chance="20925" /><!-- mind stone -->
    <item id="1988" chance="100000"><!-- bag -->
        <inside>
            <item id="2392" chance="18850" /><!-- fire sword -->

            <item id="2152" countmax="30" chance="9725" /><!-- platinum coin -->
            <item id="2475" chance="21250" /><!-- warrior helmet -->

            <item id="2479" chance="9850" /><!-- strange helmet -->

            <item id="2176" chance="21600" /><!-- orb -->
            <item id="2383" chance="14350" /><!-- spike sword -->

            <item id="2491" chance="11575" /><!-- crown helmet -->

            <item id="2419" chance="9850" /><!-- scimitar -->
            <item id="2177" chance="19525" /><!-- life crystal -->

            <item id="2393" chance="11925" /><!-- giant sword -->

        </inside>
    </item>
</loot>





















</monster>
