<?xml version="1.0" encoding="UTF-8"?>
<monster name="Zugurosh" nameDescription="zugurosh" race="fire" experience="10000" speed="330" manacost="0">
	<health now="95000" max="95000"/>
  <look type="35" corpse="2916"/>
	<targetchange interval="5000" chance="15"/>
	<strategy attack="100" defense="0"/>
	<flags>
		<flag summonable="0"/>
		<flag attackable="1"/>
		<flag hostile="1"/>
		<flag illusionable="0"/>
		<flag convinceable="0"/>
		<flag pushable="0"/>
		<flag canpushitems="1"/>
		<flag canpushcreatures="1"/>
		<flag targetdistance="1"/>
		<flag staticattack="85"/>
		<flag runonhealth="0"/>
	</flags>
	<attacks>
    <attack name="melee" interval="2000" min="-140" max="-490"/>
		<attack name="lifedrain" interval="2000" chance="15" range="7" target="1" min="-0" max="-470">
			<attribute key="areaEffect" value="redshimmer"/>
		</attack>
		<attack name="physical" interval="2000" chance="13" length="7" spread="0" min="0" max="-400">
			<attribute key="areaEffect" value="mortarea"/>
		</attack>
		<attack name="physical" interval="2000" chance="20" range="7" target="1" min="0" max="-75">
			<attribute key="areaEffect" value="mortarea"/>
		</attack>
		<attack name="firecondition" interval="2000" chance="17" target="1" range="7" min="-80" max="-80">
			<attribute key="areaEffect" value="fire"/>
			<attribute key="shootEffect" value="fire"/>
		</attack>	
		<attack name="manadrain" interval="1000" chance="16" radius="5" target="0" min="-0" max="-200">
      <attribute key="areaEffect" value="redshimmer"/>
		</attack>		
		</attacks>
	<defenses armor="45" defense="55">
		<defense name="healing" interval="2000" chance="18" min="400" max="900">
			<attribute key="areaEffect" value="greenshimmer"/>
		</defense>
		<defense name="invisible" interval="2000" chance="12" duration="6000">
			<attribute key="areaEffect" value="blueshimmer"/>
		</defense>
	</defenses>
	<elements>

	</elements>
	<immunities>
		<immunity paralyze="1"/>
		<immunity invisible="1"/>
	</immunities>
	<voices interval="5000" chance="10">
		<voice sentence="You will run out of resources soon enough!!" yell="1"/>
		<voice sentence="One little mistake and your all are mine!"/>
		<voice sentence="I sense your strength fading!"/>
	</voices>
	<loot>
    <item id="2148" countmax="100" chance="48800" /><!-- gold coin -->
    <item id="2148" countmax="86" chance="48800" /><!-- gold coin -->

    <item id="2151" countmax="29" chance="9975" /><!-- talon -->

    <item id="2645" chance="6850" /><!-- steel boots -->

    <item id="2134" chance="18100" /><!-- silver brooch -->

    <item id="2152" countmax="30" chance="12150" /><!-- platinum coin -->

    <item id="1987" chance="100000"><!-- bag -->
        <inside>

            <item id="2195" chance="14950" /><!-- boots of haste -->

            <item id="2173" chance="8250" /><!-- amulet of loss -->

            <item id="2646" chance="850" /><!-- golden boots -->
        </inside>
    </item>
</loot>




















</monster>
